sku,availability,title,ad_cost_30d,ad_clicks_30d,ad_impressions_30d,google_conversions,google_value,campaigns
1425,out of stock,Apple iPad Pro 10.5-inch (256GB) WiFi Cellular [Gr,179.51,239.0,18271.0,2.75,1716.9,CJ - PMax (Apple) iPad|Phonebot (B) Standard Shopping
7729,(NOT IN GMC FEED),,170.37,327.0,21384.0,0.0,0.0,SS - Excluded Products - >$100|CJ - PMax (Everything Else)
7424,(NOT IN GMC FEED),Apple iPhone 16 Pro 5G (256GB) [Like New],150.06,76.0,7186.0,1.98,2684.21,SS - Excluded Products - >$100|SS - All Products >$1000
7183,(NOT IN GMC FEED),Samsung Galaxy S24 FE 5G (128GB) [Open Box],141.54,168.0,7895.0,2.7,1651.08,CJ - PMax (Samsung)|Phonebot (B) Standard Shopping
7031,(NOT IN GMC FEED),Samsung Galaxy A55 5G Dual Sim (128GB) [Grade A],120.05,158.0,9886.0,1.56,631.72,CJ - PMax (Samsung)|Phonebot (B) Standard Shopping
5957,(NOT IN GMC FEED),Apple iPad Mini 6 (64GB) WiFi Cellular [Grade A],118.29,123.0,6384.0,3.0,1922.0,CJ - PMax (Apple) iPad|Phonebot (B) Standard Shopping
7377,(NOT IN GMC FEED),,117.59,161.0,10030.0,1.08,618.82,CJ - PMax (Samsung)|Phonebot (B) Standard Shopping
6764,(NOT IN GMC FEED),Samsung Galaxy S24 Ultra 5G (512GB) [Grade A],109.11,83.0,7770.0,0.65,652.06,SS - All Products >$1000|CJ - PMax (Samsung)|Phonebot (B) Standard Shopping
5765,(NOT IN GMC FEED),Samsung Galaxy A54 5G Dual Sim (128GB) [Grade A],103.65,133.0,8280.0,4.72,1335.32,CJ - PMax (Samsung)|Phonebot (B) Standard Shopping
5959,(NOT IN GMC FEED),Google Pixel 8 5G (128GB) [Grade A],103.15,66.0,5479.0,2.33,1010.68,CJ - PMax (Google)
6018,(NOT IN GMC FEED),Apple iPhone 15 Pro 5G (1TB) [Grade A],101.28,32.0,2233.0,1.0,1208.35,SS - All Products >$1000|Phonebot (B) Standard Shopping
7944,(NOT IN GMC FEED),,100.89,302.0,17122.0,0.0,0.0,CJ - PMax (Everything Else)
6301,(NOT IN GMC FEED),Apple iPad Air 5th Gen (256GB) Wifi Cellular [Grad,97.14,128.0,8516.0,0.97,627.26,CJ - PMax (Apple) iPad
8541,(NOT IN GMC FEED),Motorola Razr 60 Ultra 5G (512GB) [Like New],93.8,144.0,4289.0,1.0,1172.0,SS - All Products >$1000
8469,(NOT IN GMC FEED),Samsung Galaxy S25 FE 5G (256GB) [Like New],93.49,132.0,7809.0,0.0,0.0,CJ - PMax (Samsung)|Phonebot (B) Standard Shopping
8194,(NOT IN GMC FEED),Apple iPhone 17 Pro Max 5G (256GB) [Brand New],90.98,110.0,8837.0,0.0,0.0,Standard Shopping - iPhone 17|SS - All Products >$1000|Phonebot (B) Standard Shopping
6026,(NOT IN GMC FEED),Apple iPhone 15 Pro Max 5G (256GB) [Grade B],88.11,58.0,6847.0,1.0,1149.0,SS - Excluded Products - >$100|SS - All Products >$1000
7070,(NOT IN GMC FEED),Google Pixel 9 Pro XL 5G (256GB) [Like New],84.94,58.0,5592.0,0.63,583.51,CJ - PMax (Google)
8396,(NOT IN GMC FEED),Apple iPhone 17 5G (256GB) [Like New],83.16,81.0,5998.0,1.0,1298.0,Standard Shopping - iPhone 17|SS - All Products >$1000|Phonebot (B) Standard Shopping
8307,(NOT IN GMC FEED),Samsung Galaxy Watch 8 Classic 46mm Bluetooth [Lik,82.83,139.0,4888.0,1.8,1216.46,CJ - PMax (Samsung)|Phonebot (B) Standard Shopping
3258,out of stock,Apple iPad Pro 12.9-inch 4th Gen (256GB) WiFi [Gra,82.75,71.0,5691.0,1.0,799.0,CJ - PMax (Apple) iPad|Phonebot (B) Standard Shopping
4080,out of stock,﻿Samsung Galaxy S22 5G (128GB) [Like New],81.58,63.0,4846.0,1.78,636.27,CJ - PMax (Samsung)|Phonebot (B) Standard Shopping
880,out of stock,Apple iPad Air 2 (128GB) WiFi [Grade A],80.86,121.0,8648.0,2.02,316.47,CJ - PMax (Apple) iPad|Phonebot (B) Standard Shopping
8445,(NOT IN GMC FEED),Google Pixel 9 Pro XL 5G (512GB) [Grade A],80.16,33.0,3040.0,1.61,2165.59,CJ - PMax (Google)
6599,(NOT IN GMC FEED),Google Pixel 8a 5G (128GB) [Like New],79.16,70.0,4939.0,3.74,1768.61,CJ - PMax (Google)
8256,(NOT IN GMC FEED),Samsung Galaxy Z Fold6 5G (512GB) [Grade B],75.39,77.0,5318.0,1.0,1114.0,SS - All Products >$1000|Phonebot (B) Standard Shopping
6395,(NOT IN GMC FEED),Samsung Galaxy S24 Plus 5G (256GB) [Like New],74.88,51.0,4862.0,1.17,931.33,CJ - PMax (Samsung)|Phonebot (B) Standard Shopping
6373,(NOT IN GMC FEED),Apple Watch Ultra 2 49mm Titanium Case GPS Cellula,74.33,125.0,6687.0,1.0,283.92,PMax - Apple Watches
3968,out of stock,Apple iPad Pro 10.5-inch (256GB) WiFi [Grade B],72.44,131.0,8396.0,0.0,0.0,CJ - PMax (Apple) iPad|Phonebot (B) Standard Shopping
7247,(NOT IN GMC FEED),,71.65,113.0,10846.0,0.49,456.08,CJ - PMax (Everything Else)
4675,(NOT IN GMC FEED),,69.55,76.0,6957.0,0.22,127.91,CJ - PMax (Apple)|Phonebot (B) Standard Shopping
8427,(NOT IN GMC FEED),Apple iPhone 17 5G (256GB) [Brand New],69.47,172.0,9277.0,0.0,0.0,SS - All Products >$1000|Phonebot (B) Standard Shopping
6009,(NOT IN GMC FEED),Apple iPhone 15 5G (128GB) [Grade A],66.83,36.0,5064.0,1.62,1491.1,CJ - PMax (Apple)|Phonebot (B) Standard Shopping
6432,(NOT IN GMC FEED),Samsung Galaxy Tab S9 Ultra Wifi (512GB) [Like New,65.72,104.0,4185.0,0.0,0.0,CJ - PMax (Samsung)|Phonebot (B) Standard Shopping
8592,(NOT IN GMC FEED),Apple iPad Mini A17 Pro Chip (128GB) Wifi Cellular,64.93,64.0,3918.0,0.0,0.0,CJ - PMax (Apple) iPad|Phonebot (B) Standard Shopping
7749,(NOT IN GMC FEED),Apple iPhone 16e 5G (128GB) [Open Box],64.41,64.0,5876.0,1.0,758.0,CJ - PMax (Apple)|Phonebot (B) Standard Shopping
3626,out of stock,Apple iPad Air 4th Gen (256GB) WiFi [Grade A],64.01,95.0,8560.0,1.0,487.0,CJ - PMax (Apple) iPad|Phonebot (B) Standard Shopping
4718,(NOT IN GMC FEED),Apple iPad 9th Gen (64GB) Wifi [Grade B],63.68,35.0,5094.0,1.0,887.0,CJ - PMax (Apple) iPad|Phonebot (B) Standard Shopping
8555,(NOT IN GMC FEED),Honor Magic V2 5G Dual Sim (512GB) [Grade A],63.18,120.0,5499.0,1.0,1081.0,CJ - PMax (Everything Else)
8290,(NOT IN GMC FEED),,62.84,88.0,6698.0,1.0,906.0,CJ - PMax (Samsung)|Phonebot (B) Standard Shopping
7939,(NOT IN GMC FEED),Samsung Galaxy S24 Plus 5G (256GB) [Grade B],62.41,47.0,3305.0,1.12,766.79,CJ - PMax (Samsung)|Phonebot (B) Standard Shopping
8414,(NOT IN GMC FEED),Apple iPhone Air (256GB) [Open Box],62.21,84.0,6682.0,0.82,1120.78,SS - All Products >$1000|Phonebot (B) Standard Shopping
5212,(NOT IN GMC FEED),,61.87,51.0,2713.0,0.0,0.0,CJ - PMax (Samsung)|Phonebot (B) Standard Shopping
6356,(NOT IN GMC FEED),Apple iPad Mini 6 (64GB) WiFi Cellular [Grade B],60.51,72.0,3043.0,1.0,2353.0,CJ - PMax (Apple) iPad|Phonebot (B) Standard Shopping
7042,(NOT IN GMC FEED),Apple Watch Series 9 41mm GPS Cellular Stainless S,59.63,129.0,5384.0,0.0,0.0,PMax - Apple Watches|Phonebot (B) Standard Shopping
5956,(NOT IN GMC FEED),Google Pixel 8 Pro 5G (128GB) [Grade A],59.47,40.0,2551.0,0.67,65.34,CJ - PMax (Google)
4576,out of stock,Apple iPhone 14 Pro 5G (256GB) [Like New],59.12,76.0,4135.0,1.04,946.0699999999999,SS - Excluded Products - >$100|CJ - PMax (Apple)
5581,(NOT IN GMC FEED),Samsung Galaxy A54 5G Dual Sim (128GB) [Like New],58.63,69.0,4397.0,2.65,785.9,CJ - PMax (Samsung)|Phonebot (B) Standard Shopping
4931,(NOT IN GMC FEED),Apple iPhone 14 Pro Max 5G (128GB) [Grade A],58.32,37.0,3974.0,1.06,1513.98,CJ - PMax (Apple)|Phonebot (B) Standard Shopping
5044,(NOT IN GMC FEED),,56.13,54.0,2726.0,1.03,341.69,CJ - PMax (Samsung)|Phonebot (B) Standard Shopping
5840,(NOT IN GMC FEED),,56.06,24.0,4179.0,0.07,36.42,CJ - PMax (Apple)|Phonebot (B) Standard Shopping
2088,out of stock,Apple iPad Mini 5 (64GB) WiFi [Grade A],54.89,48.0,3303.0,1.69,434.72,CJ - PMax (Apple) iPad|Phonebot (B) Standard Shopping
8559,(NOT IN GMC FEED),,54.44,33.0,2256.0,0.0,0.0,CJ - PMax (Apple) iPad|Phonebot (B) Standard Shopping
1274,out of stock,Apple iPad Mini 4 (128GB) WiFi Cellular [Grade A],53.42,108.0,7363.0,2.01,447.35,CJ - PMax (Apple) iPad|Phonebot (B) Standard Shopping
8460,(NOT IN GMC FEED),,52.61,79.0,3040.0,0.99,749.63,CJ - PMax (Samsung)|Phonebot (B) Standard Shopping
4658,(NOT IN GMC FEED),Apple Watch Series 7 41mm GPS Cellular Aluminium C,52.58,86.0,6657.0,3.47,863.8,PMax - Apple Watches
5146,(NOT IN GMC FEED),Apple iPad Mini 6 (256GB) WiFi Cellular [Grade B],52.36,63.0,2994.0,0.96,458.92,CJ - PMax (Apple) iPad|Phonebot (B) Standard Shopping
8016,(NOT IN GMC FEED),Samsung Galaxy Watch Ultra Cellular 47mm [Grade A],51.77,89.0,2713.0,0.0,0.0,CJ - PMax (Samsung)|Phonebot (B) Standard Shopping
4854,(NOT IN GMC FEED),,51.62,28.0,2505.0,1.63,780.39,CJ - PMax (Google)
4717,(NOT IN GMC FEED),Apple iPad 9th Gen (256GB) Wifi [Grade B],50.34,31.0,3044.0,0.0,0.0,CJ - PMax (Apple) iPad|Phonebot (B) Standard Shopping
8306,(NOT IN GMC FEED),Samsung Galaxy Watch 8 Classic 46mm Cellular [Like,49.39,68.0,2750.0,0.0,0.0,CJ - PMax (Samsung)|Phonebot (B) Standard Shopping
6011,(NOT IN GMC FEED),Apple iPhone 15 5G (128GB) [Like New],49.04,23.0,2608.0,2.0,2102.0,CJ - PMax (Apple)|Phonebot (B) Standard Shopping
6052,(NOT IN GMC FEED),Apple iPhone 15 Pro 5G (512GB) [Grade A],48.98,19.0,1318.0,0.0,0.0,SS - All Products >$1000|Phonebot (B) Standard Shopping
6913,(NOT IN GMC FEED),Samsung Galaxy S24 Ultra 5G (1TB) [Grade A],47.68,27.0,1785.0,0.0,0.0,SS - All Products >$1000|Phonebot (B) Standard Shopping
8271,(NOT IN GMC FEED),Motorola Razr 50S 5G (256GB) [Like New],47.63,59.0,5899.0,1.0,664.0,CJ - PMax (Everything Else)|SS - Excluded Products - >$100
8417,(NOT IN GMC FEED),Apple iPhone 17 Pro Max 5G (256GB) [Open Box],47.53,34.0,2649.0,3.0,5472.0,Standard Shopping - iPhone 17|SS - All Products >$1000|Phonebot (B) Standard Shopping
6016,(NOT IN GMC FEED),Apple iPhone 15 Pro 5G (256GB) [Grade A],47.31,30.0,3506.0,0.64,783.85,SS - All Products >$1000|CJ - PMax (Apple)|Phonebot (B) Standard Shopping
8539,(NOT IN GMC FEED),,46.95,175.0,12396.0,1.0,419.0,CJ - PMax (Everything Else)
7569,(NOT IN GMC FEED),Apple iPhone 16 Pro Max 5G (256GB) [Grade A],46.92,48.0,3711.0,0.05,57.01,SS - All Products >$1000|Phonebot (B) Standard Shopping
5152,(NOT IN GMC FEED),Samsung Galaxy S23 Ultra 5G (256GB) [Grade B],46.75,43.0,3584.0,0.0,0.0,CJ - PMax (Samsung)|Phonebot (B) Standard Shopping
6656,(NOT IN GMC FEED),Apple iPhone 15 Plus 5G (128GB) [Grade B],46.35,36.0,4103.0,0.0,0.0,CJ - PMax (Apple)|Phonebot (B) Standard Shopping
5841,(NOT IN GMC FEED),,45.8,98.0,5650.0,0.0,0.0,CJ - PMax (Everything Else)
5795,(NOT IN GMC FEED),Samsung Galaxy Z Fold5 5G (256GB) [Like New],45.58,40.0,4528.0,0.0,0.0,CJ - PMax (Samsung)|Phonebot (B) Standard Shopping
3926,out of stock,Apple iPad 9th Gen (64GB) Wifi [Grade A],45.23,31.0,3236.0,0.0,0.0,CJ - PMax (Apple) iPad|Phonebot (B) Standard Shopping
7075,(NOT IN GMC FEED),Apple Watch Hermès Series 9 45mm GPS Cellular Stai,44.81,70.0,2712.0,0.0,0.0,PMax - Apple Watches|Phonebot (B) Standard Shopping
7071,(NOT IN GMC FEED),Google Pixel 9 Pro XL 5G (128GB) [Grade A],44.59,44.0,3262.0,0.0,0.0,CJ - PMax (Google)
3195,out of stock,Apple iPad Pro 12.9-inch 4th Gen (512GB) WiFi Cell,42.94,43.0,4018.0,0.29,164.37,CJ - PMax (Apple) iPad|Phonebot (B) Standard Shopping
2461,out of stock,Apple iPad Pro 12.9-inch 4th Gen (128GB) WiFi Cell,42.76,42.0,3015.0,1.0,1449.0,CJ - PMax (Apple) iPad
2494,out of stock,Apple iPad Pro 10.5-inch (256GB) WiFi [Grade A],42.69,56.0,2965.0,1.0,269.0,CJ - PMax (Apple) iPad|Phonebot (B) Standard Shopping
7033,(NOT IN GMC FEED),Samsung Galaxy Z Flip6 5G (256GB) [Open Box],42.46,42.0,5992.0,1.19,940.8,CJ - PMax (Samsung)|Phonebot (B) Standard Shopping
6973,(NOT IN GMC FEED),Samsung Galaxy S24 Ultra 5G (256GB) [Grade B],41.36,40.0,4785.0,0.0,0.0,CJ - PMax (Samsung)|Phonebot (B) Standard Shopping
5623,(NOT IN GMC FEED),Apple iPad Air 5th Gen (64GB) Wifi [Grade A],40.7,45.0,2466.0,1.0,527.0,CJ - PMax (Apple) iPad|Phonebot (B) Standard Shopping
8650,(NOT IN GMC FEED),Apple iPhone 17e 5G (256GB) [Open Box],40.68,92.0,2297.0,0.0,0.0,CJ - PMax (Apple)|Phonebot (B) Standard Shopping
5766,(NOT IN GMC FEED),,40.01,68.0,4800.0,1.0,249.0,CJ - PMax (Samsung)|Phonebot (B) Standard Shopping
3513,out of stock,Apple iPad Air 4th Gen (64GB) WiFi [Grade A],39.68,37.0,1781.0,0.0,0.0,CJ - PMax (Apple) iPad|Phonebot (B) Standard Shopping
8565,(NOT IN GMC FEED),,39.42,72.0,4741.0,0.0,0.0,CJ - PMax (Everything Else)
8589,(NOT IN GMC FEED),Samsung Galaxy Z Flip7 5G (512GB) [Grade A],38.53,40.0,2332.0,0.0,0.0,SS - All Products >$1000|Phonebot (B) Standard Shopping
3582,out of stock,Apple iPad Pro 12.9-inch 2nd Gen (256GB) WiFi [Gra,38.36,57.0,3895.0,0.0,0.0,CJ - PMax (Apple) iPad|Phonebot (B) Standard Shopping
4996,(NOT IN GMC FEED),Apple iPad 9th Gen (256GB) Wifi Cellular [Like New,37.97,10.0,907.0,0.0,0.0,CJ - PMax (Apple) iPad|Phonebot (B) Standard Shopping
4359,out of stock,Samsung Galaxy S22 Ultra 5G (512GB) [Like New],37.46,19.0,2018.0,0.0,0.0,CJ - PMax (Samsung)|Phonebot (B) Standard Shopping
6352,(NOT IN GMC FEED),Samsung Galaxy S24 5G (512GB) [Like New],37.28,22.0,3217.0,0.0,0.0,CJ - PMax (Samsung)|Phonebot (B) Standard Shopping
5257,(NOT IN GMC FEED),Apple iPad 9th Gen (256GB) Wifi [Grade A],37.26,28.0,3164.0,1.0,399.0,CJ - PMax (Apple) iPad|Phonebot (B) Standard Shopping
7626,(NOT IN GMC FEED),Apple iPhone 16 Pro Max 5G (1TB) [Grade A],37.2,20.0,1096.0,0.0,0.0,SS - All Products >$1000|Phonebot (B) Standard Shopping
8381,(NOT IN GMC FEED),Apple iPhone 16 Pro 5G (512GB) [Grade A],36.59,23.0,1574.0,0.45,464.5,SS - All Products >$1000|Phonebot (B) Standard Shopping
4078,out of stock,Apple iPhone 13 Mini (256GB) [Grade A],36.08,18.0,2811.0,2.0,961.0,CJ - PMax (Apple)|Phonebot (B) Standard Shopping
4778,(NOT IN GMC FEED),,36.05,75.0,9140.0,0.55,219.55,CJ - PMax (Everything Else)
8047,(NOT IN GMC FEED),,35.83,59.0,3445.0,0.5,495.16,CJ - PMax (Samsung)
5149,(NOT IN GMC FEED),,35.63,25.0,3578.0,0.0,0.0,CJ - PMax (Samsung)|Phonebot (B) Standard Shopping
7511,(NOT IN GMC FEED),Apple iPhone 16 Pro 5G (128GB) [Grade A],35.18,34.0,4202.0,1.0,1181.7,SS - All Products >$1000|Phonebot (B) Standard Shopping
7961,(NOT IN GMC FEED),Samsung Galaxy A25 5G (128GB) [Grade A],34.84,49.0,2065.0,0.03,7.35,CJ - PMax (Samsung)
8639,(NOT IN GMC FEED),Samsung Galaxy A26 5G Dual Sim (128GB) [Grade A],34.77,60.0,3502.0,0.0,0.0,CJ - PMax (Samsung)|Phonebot (B) Standard Shopping
8078,(NOT IN GMC FEED),Samsung Galaxy Z Fold6 5G (512GB) [Like New],34.77,41.0,3187.0,0.0,0.0,SS - All Products >$1000|Phonebot (B) Standard Shopping
7203,(NOT IN GMC FEED),Apple iPhone 16 5G (128GB) [Like New],34.73,23.0,1975.0,0.6,536.17,CJ - PMax (Apple)|Phonebot (B) Standard Shopping
6623,(NOT IN GMC FEED),,34.33,31.0,1983.0,0.0,0.0,CJ - PMax (Google)
8600,(NOT IN GMC FEED),Google Pixel 10 Pro Fold 5G (256GB) [Grade A],34.26,32.0,2441.0,0.0,0.0,SS - All Products >$1000
6391,(NOT IN GMC FEED),,34.03,23.0,3860.0,0.0,0.0,CJ - PMax (Samsung)|Phonebot (B) Standard Shopping
8587,(NOT IN GMC FEED),Samsung Galaxy S26 Ultra 5G (512GB) [Open Box],33.96,20.0,1527.0,0.0,0.0,SS - All Products >$1000|Phonebot (B) Standard Shopping
6084,(NOT IN GMC FEED),Samsung Galaxy Z Flip 5 5G (512GB) [Grade A],33.74,25.0,2203.0,0.0,0.0,CJ - PMax (Samsung)|Phonebot (B) Standard Shopping
8415,(NOT IN GMC FEED),Samsung Galaxy Tab S10 FE Plus 5G (128GB) [Open Bo,33.4,69.0,3517.0,0.0,0.0,CJ - PMax (Samsung)|Phonebot (B) Standard Shopping
6304,(NOT IN GMC FEED),Google Pixel 8 Pro 5G (512GB) [Grade A],32.83,19.0,2036.0,0.33,198.0,CJ - PMax (Google)
8604,(NOT IN GMC FEED),Apple iPhone Air (512GB) [Brand New],32.64,43.0,1866.0,0.27,417.02,SS - All Products >$1000|Phonebot (B) Standard Shopping
1271,out of stock,Apple iPad Mini 4 (64GB) WiFi [Grade A],32.45,41.0,2669.0,1.0,149.0,CJ - PMax (Apple) iPad|Phonebot (B) Standard Shopping
7193,(NOT IN GMC FEED),Apple Watch SE 2022 44mm GPS Cellular [Grade B],32.37,45.0,2386.0,0.0,0.0,PMax - Apple Watches
4053,out of stock,Apple iPad 5th Gen (128GB) WiFi [Like New],32.1,18.0,1690.0,0.99,186.55,CJ - PMax (Apple) iPad|Phonebot (B) Standard Shopping
8088,(NOT IN GMC FEED),Apple iPad Mini A17 Pro Chip (128GB) Wifi [Like Ne,31.8,83.0,2999.0,0.0,0.0,CJ - PMax (Apple) iPad|Phonebot (B) Standard Shopping
6639,(NOT IN GMC FEED),Samsung Galaxy S24 Ultra 5G (512GB) [Like New],31.5,29.0,1857.0,1.33,1328.1,SS - All Products >$1000|Phonebot (B) Standard Shopping
5243,(NOT IN GMC FEED),Apple iPad 10th Gen (64GB) Wifi Cellular [Grade A],30.6,14.0,2503.0,1.0,469.0,CJ - PMax (Apple) iPad|Phonebot (B) Standard Shopping
5622,(NOT IN GMC FEED),Samsung Galaxy S23 Plus 5G (512GB) [Like New],30.59,21.0,2561.0,0.0,0.0,CJ - PMax (Samsung)|Phonebot (B) Standard Shopping
3711,out of stock,Apple iPhone 13 Mini (128GB) [Grade A],30.41,40.0,4211.0,0.0,0.0,CJ - PMax (Apple)|Phonebot (B) Standard Shopping
2333,out of stock,Apple iPad Pro 11-inch 2nd Gen (128GB) WiFi [Grade,30.4,46.0,2366.0,1.0,1349.0,CJ - PMax (Apple) iPad|Phonebot (B) Standard Shopping
8590,(NOT IN GMC FEED),Samsung Galaxy Z Fold6 5G (1TB) [Grade B],30.33,23.0,1105.0,1.0,1107.0,SS - All Products >$1000|Phonebot (B) Standard Shopping
8326,(NOT IN GMC FEED),Apple iPad Pro 13-inch M5 (512GB) Wifi Cellular [O,30.19,31.0,2529.0,0.0,0.0,SS - All Products >$1000|Phonebot (B) Standard Shopping
8598,(NOT IN GMC FEED),,30.07,53.0,1574.0,0.0,0.0,CJ - PMax (Google)
6393,(NOT IN GMC FEED),Samsung Galaxy S24 5G (256GB) [Like New],29.5,23.0,3475.0,0.0,0.0,CJ - PMax (Samsung)|Phonebot (B) Standard Shopping
5265,(NOT IN GMC FEED),Apple iPad 10th Gen (64GB) Wifi Cellular [Like New,28.8,25.0,2789.0,0.0,0.0,CJ - PMax (Apple) iPad|Phonebot (B) Standard Shopping
7738,(NOT IN GMC FEED),Samsung Galaxy S25 5G (256GB) [Grade A],28.56,27.0,2608.0,2.0,1708.0,CJ - PMax (Samsung)
8563,(NOT IN GMC FEED),Samsung Galaxy Watch Ultra Cellular 47mm [Open Box,28.07,33.0,1657.0,0.0,0.0,CJ - PMax (Samsung)|Phonebot (B) Standard Shopping
6202,(NOT IN GMC FEED),Apple iPad 10th Gen (64GB) Wifi [Like New],27.95,24.0,2169.0,0.0,0.0,CJ - PMax (Apple) iPad|Phonebot (B) Standard Shopping
8615,(NOT IN GMC FEED),Apple iPhone 16 5G (512GB) [Grade A],27.91,26.0,1225.0,0.0,0.0,SS - All Products >$1000|Phonebot (B) Standard Shopping
4751,(NOT IN GMC FEED),Apple iPhone 13 Pro (1TB) [Grade A],27.59,18.0,1666.0,0.0,0.0,CJ - PMax (Apple)|Phonebot (B) Standard Shopping
8614,(NOT IN GMC FEED),Google Pixel 8 5G (128GB) [Brand New],27.58,24.0,2638.0,0.0,0.0,CJ - PMax (Google)
3578,out of stock,Samsung Galaxy Z Fold 3 5G (256GB) [Grade A],27.56,18.0,1966.0,0.6,347.4,CJ - PMax (Samsung)|Phonebot (B) Standard Shopping
6003,(NOT IN GMC FEED),Samsung Galaxy Z Flip 5 5G (256GB) [Like New],27.46,19.0,1804.0,0.0,0.0,CJ - PMax (Samsung)|Phonebot (B) Standard Shopping
3599,out of stock,Oppo Find X3 Pro 5G (256GB) [Open Box],27.3,41.0,3576.0,1.56,604.98,CJ - PMax (Everything Else)
4808,(NOT IN GMC FEED),Apple iPhone 14 Plus 5G (256GB) [Like New],27.21,4.0,1091.0,0.0,0.0,CJ - PMax (Apple)|Phonebot (B) Standard Shopping
7207,(NOT IN GMC FEED),Apple iPhone 16 5G (256GB) [Grade A],26.71,15.0,1449.0,0.0,0.0,SS - All Products >$1000|Phonebot (B) Standard Shopping
8588,(NOT IN GMC FEED),Nokia XR21 5G (128GB) [Grade B],26.59,47.0,3142.0,2.0,376.0,CJ - PMax (Everything Else)
8289,(NOT IN GMC FEED),Samsung Galaxy Z Flip7 FE 5G (256GB) [Like New],26.41,27.0,1558.0,1.5,1191.0,CJ - PMax (Samsung)|Phonebot (B) Standard Shopping
8633,(NOT IN GMC FEED),Apple Mac Mini M4 Chip 2024 (24GB 512GB) [Like New,25.62,20.0,455.0,2.0,1406.0,SS - All Products >$1000
5633,(NOT IN GMC FEED),Samsung Galaxy Z Flip 5 5G (512GB) [Like New],25.51,20.0,1444.0,1.0,617.0,CJ - PMax (Samsung)|Phonebot (B) Standard Shopping
8435,(NOT IN GMC FEED),Google Pixel 9a 5G (256GB) [Like new],25.39,24.0,1591.0,0.0,0.0,CJ - PMax (Google)
6203,(NOT IN GMC FEED),Apple iPad 10th Gen (256GB) Wifi [Like New],25.14,16.0,863.0,0.0,0.0,CJ - PMax (Apple) iPad|Phonebot (B) Standard Shopping
4867,(NOT IN GMC FEED),Apple iPhone 14 5G (128GB) [Grade A],25.09,16.0,3048.0,0.0,0.0,CJ - PMax (Apple)|Phonebot (B) Standard Shopping
4651,(NOT IN GMC FEED),Apple iPad Mini 6 (256GB) WiFi Cellular [Like New],24.7,22.0,1677.0,0.0,0.0,CJ - PMax (Apple) iPad|Phonebot (B) Standard Shopping
4743,(NOT IN GMC FEED),Apple iPad Air 5th Gen (64GB) Wifi Cellular [Grade,24.63,20.0,2228.0,0.0,0.0,CJ - PMax (Apple) iPad|Phonebot (B) Standard Shopping
7717,(NOT IN GMC FEED),Apple iPad Air 11-inch M2 Wifi (256GB) [Like New],24.62,16.0,1245.0,1.0,857.0,CJ - PMax (Apple) iPad|Phonebot (B) Standard Shopping
7957,(NOT IN GMC FEED),Google Pixel 9a 5G (128GB) [Like New],24.62,34.0,3617.0,0.0,0.0,CJ - PMax (Google)
8397,(NOT IN GMC FEED),Apple iPhone 17 5G (256GB) [Open Box],24.62,36.0,2441.0,0.0,0.0,Standard Shopping - iPhone 17|SS - All Products >$1000|Phonebot (B) Standard Shopping
5955,(NOT IN GMC FEED),Google Pixel 8 Pro 5G (256GB) [Grade A],24.56,15.0,720.0,1.67,1015.02,CJ - PMax (Google)
7873,(NOT IN GMC FEED),Samsung Galaxy A56 5G Dual Sim (256GB) [Like New],24.31,25.0,1487.0,1.28,642.2,CJ - PMax (Samsung)|Phonebot (B) Standard Shopping
3658,out of stock,Apple iPad Air 4th Gen (256GB) Wifi Cellular [Grad,23.96,16.0,898.0,0.43,225.38,CJ - PMax (Apple) iPad|Phonebot (B) Standard Shopping
8231,(NOT IN GMC FEED),Honor Magic V3 5G Dual Sim (512GB) [Grade A],23.69,40.0,1470.0,0.0,0.0,SS - All Products >$1000
2303,out of stock,Apple iPad Mini 5 (64GB) WiFi Cellular [Like New],23.58,28.0,2911.0,0.0,0.0,CJ - PMax (Apple) iPad|Phonebot (B) Standard Shopping
6602,(NOT IN GMC FEED),Apple Watch Series 7 41mm GPS Cellular Stainless S,23.33,31.0,2255.0,0.5,114.5,PMax - Apple Watches
3544,out of stock,Apple iPad 9th Gen (64GB) Wifi Cellular [Like New],23.29,4.0,594.0,0.0,0.0,CJ - PMax (Apple) iPad|Phonebot (B) Standard Shopping
6392,(NOT IN GMC FEED),Apple iPhone 15 5G (512GB) [Like New],22.97,13.0,1003.0,0.0,0.0,CJ - PMax (Apple)|Phonebot (B) Standard Shopping
5323,(NOT IN GMC FEED),Apple iPhone 14 Pro Max 5G (1TB) [Grade A],22.86,13.0,915.0,0.0,0.0,SS - All Products >$1000|CJ - PMax (Apple)|Phonebot (B) Standard Shopping
8583,(NOT IN GMC FEED),,22.77,39.0,2751.0,1.01,400.67,CJ - PMax (Samsung)|Phonebot (B) Standard Shopping
7043,(NOT IN GMC FEED),Apple Watch Series 9 45mm GPS Cellular Stainless S,22.74,14.0,747.0,0.0,0.0,PMax - Apple Watches|Phonebot (B) Standard Shopping
5940,(NOT IN GMC FEED),Google Pixel 8 5G (128GB) [Like New],22.55,15.0,2088.0,0.0,0.0,CJ - PMax (Google)
5834,(NOT IN GMC FEED),Apple iPad Pro 11-inch 4th Gen M2 (128GB) Wifi [Li,22.54,19.0,1134.0,0.0,0.0,CJ - PMax (Apple) iPad|Phonebot (B) Standard Shopping
8635,(NOT IN GMC FEED),Samsung Galaxy A36 5G (128GB) [Like New],22.54,49.0,2628.0,0.0,0.0,CJ - PMax (Samsung)|Phonebot (B) Standard Shopping
8617,(NOT IN GMC FEED),Samsung Galaxy S25 Edge 5G (256GB) [Grade A],22.19,31.0,1436.0,0.0,0.0,CJ - PMax (Samsung)|Phonebot (B) Standard Shopping
4809,(NOT IN GMC FEED),Apple iPhone 14 Plus 5G (256GB) [Grade A],22.02,14.0,1698.0,1.0,619.0,CJ - PMax (Apple)|Phonebot (B) Standard Shopping
5784,(NOT IN GMC FEED),Apple iPad Air 5th Gen (256GB) Wifi [Grade A],21.94,26.0,1537.0,0.0,0.0,CJ - PMax (Apple) iPad|Phonebot (B) Standard Shopping
4673,(NOT IN GMC FEED),Apple iPhone 14 Pro 5G (256GB) [Grade A],21.89,16.0,2523.0,1.0,779.0,CJ - PMax (Apple)|Phonebot (B) Standard Shopping
5805,(NOT IN GMC FEED),Apple iPhone 14 Pro 5G (1TB) [Grade A],21.8,7.0,490.0,0.0,0.0,CJ - PMax (Apple)|Phonebot (B) Standard Shopping
6344,(NOT IN GMC FEED),Samsung Galaxy S24 Plus 5G (512GB) [Like New],21.79,17.0,1494.0,0.0,0.0,CJ - PMax (Samsung)|Phonebot (B) Standard Shopping
8618,(NOT IN GMC FEED),Samsung Galaxy S25 Ultra 5G (1TB) [Grade A],21.76,15.0,1448.0,0.0,0.0,SS - All Products >$1000|Phonebot (B) Standard Shopping
8389,(NOT IN GMC FEED),,21.57,34.0,2247.0,0.49,456.08,CJ - PMax (Everything Else)
5790,(NOT IN GMC FEED),Apple iPhone 14 Pro 5G (1TB) [Like New],21.46,11.0,1613.0,0.0,0.0,CJ - PMax (Apple)|Phonebot (B) Standard Shopping
7200,(NOT IN GMC FEED),Google Pixel Watch 3 45mm LTE [Like New],21.45,44.0,1835.0,0.98,302.43,CJ - PMax (Google)
5049,(NOT IN GMC FEED),,21.41,38.0,4641.0,0.0,0.0,CJ - PMax (Everything Else)
8504,(NOT IN GMC FEED),Apple Watch Series 10 42mm GPS Cellular Aluminium ,21.29,27.0,1427.0,0.0,0.0,PMax - Apple Watches
7968,(NOT IN GMC FEED),Apple iPhone 16 Pro Max 5G (1TB) [Like New],21.13,8.0,225.0,0.0,0.0,SS - All Products >$1000|Phonebot (B) Standard Shopping
4213,out of stock,Samsung Galaxy A53 5G Dual Sim (128GB) [Grade A],20.99,36.0,5222.0,0.33,88.0,CJ - PMax (Samsung)|Phonebot (B) Standard Shopping
8612,(NOT IN GMC FEED),SPACETALK Adventurer 2 Kids 4G Smartwatch [Open Bo,20.98,46.0,1284.0,0.0,0.0,CJ - PMax (Everything Else)
6685,(NOT IN GMC FEED),Apple Watch Series 9 41mm GPS Cellular Aluminium C,20.9,21.0,3162.0,1.0,359.0,PMax - Apple Watches
5163,(NOT IN GMC FEED),Samsung Galaxy S23 Ultra 5G (1TB) [Like New],20.89,15.0,1320.0,1.0,879.0,CJ - PMax (Samsung)|Phonebot (B) Standard Shopping
5763,(NOT IN GMC FEED),Apple iPhone SE 5G 3rd Gen (256GB) [Grade A],20.76,26.0,1225.0,1.0,349.0,CJ - PMax (Apple)|Phonebot (B) Standard Shopping
4924,(NOT IN GMC FEED),Samsung Galaxy Z Fold 4 5G (256GB) [Like New],20.71,16.0,909.0,0.73,498.79,CJ - PMax (Samsung)|Phonebot (B) Standard Shopping
7779,(NOT IN GMC FEED),Samsung Galaxy S25 Plus 5G (512GB) [Like New],20.71,22.0,832.0,1.0,1087.0,SS - All Products >$1000|Phonebot (B) Standard Shopping
4995,(NOT IN GMC FEED),﻿Samsung Galaxy S22 5G (256GB) [Grade B],20.58,22.0,1240.0,0.0,0.0,CJ - PMax (Samsung)|Phonebot (B) Standard Shopping
4874,(NOT IN GMC FEED),,20.55,18.0,1375.0,0.0,0.0,CJ - PMax (Samsung)|Phonebot (B) Standard Shopping
6684,(NOT IN GMC FEED),Apple Watch Ultra 2 49mm Titanium Case GPS Cellula,20.53,42.0,2356.0,1.0,729.0,PMax - Apple Watches
7634,(NOT IN GMC FEED),Samsung Galaxy S23 Smart View Wallet Cover,20.49,47.0,1051.0,2.98,86.56,CJ - PMax (< $100 / Accessories) (PB)
7970,(NOT IN GMC FEED),Apple iPhone 16 Pro Max 5G (512GB) [Like New],20.21,12.0,705.0,0.0,0.0,SS - All Products >$1000|Phonebot (B) Standard Shopping
2702,out of stock,Samsung Galaxy Note 20 Ultra (256GB) [Grade A],20.12,20.0,1472.0,0.0,0.0,CJ - PMax (Samsung)|Phonebot (B) Standard Shopping
8495,(NOT IN GMC FEED),,19.89,14.0,2680.0,0.0,0.0,CJ - PMax (Google)
6859,(NOT IN GMC FEED),Samsung Galaxy S24 Plus 5G (512GB) [Grade A],19.49,23.0,1970.0,0.0,0.0,CJ - PMax (Samsung)|Phonebot (B) Standard Shopping
8586,(NOT IN GMC FEED),Apple Watch Series 10 Edition Titanium 42mm GPS Ce,18.83,39.0,1743.0,0.0,0.0,PMax - Apple Watches
8474,(NOT IN GMC FEED),Apple iPhone 16e 5G (128GB) [Like New],18.78,6.0,415.0,0.0,0.0,CJ - PMax (Apple)|Phonebot (B) Standard Shopping
3539,out of stock,Apple iPad Mini 5 (64GB) WiFi [Grade B],18.62,15.0,747.0,1.67,413.01,CJ - PMax (Apple) iPad|Phonebot (B) Standard Shopping
8197,(NOT IN GMC FEED),Apple iPhone 16 Pro Max 5G (1TB) [Grade B],18.56,14.0,685.0,0.01,8.66,SS - All Products >$1000|Phonebot (B) Standard Shopping
2329,out of stock,Apple iPhone 12 Mini 5G (64GB) [Like New],18.46,18.0,3450.0,0.0,0.0,CJ - PMax (Apple)|Phonebot (B) Standard Shopping
8585,(NOT IN GMC FEED),Apple Watch Series 10 46mm GPS Cellular Aluminium ,18.28,26.0,1356.0,0.0,0.0,PMax - Apple Watches
6300,(NOT IN GMC FEED),Apple Watch SE 2022 44mm GPS [Grade A],18.13,28.0,3054.0,1.0,234.0,PMax - Apple Watches
8638,(NOT IN GMC FEED),Google Pixel 10 Pro 5G (1TB) [Like New],18.01,17.0,1193.0,1.0,1329.0,SS - All Products >$1000
8581,(NOT IN GMC FEED),Apple Watch Series 11 42mm GPS Aluminium Case [Gra,17.96,50.0,2270.0,0.0,0.0,PMax - Apple Watches
7872,(NOT IN GMC FEED),Samsung Galaxy S25 Ultra 5G (512GB) [Like New],17.85,22.0,1556.0,0.0,0.0,SS - All Products >$1000|Phonebot (B) Standard Shopping
4512,out of stock,Samsung Galaxy S22 Ultra 5G (512GB) [Grade A],17.77,14.0,1348.0,0.0,0.0,CJ - PMax (Samsung)|Phonebot (B) Standard Shopping
5303,(NOT IN GMC FEED),Apple iPad Pro 11-inch 3rd Gen M1 (128GB) WiFi [Gr,17.68,28.0,1010.0,0.0,0.0,CJ - PMax (Apple) iPad|Phonebot (B) Standard Shopping
6601,(NOT IN GMC FEED),Samsung Galaxy A55 5G Dual Sim (128GB) [Like New],17.62,31.0,2376.0,0.0,0.0,CJ - PMax (Samsung)|Phonebot (B) Standard Shopping
6142,(NOT IN GMC FEED),Samsung Galaxy Z Fold5 5G (512GB) [Grade A],17.57,10.0,965.0,0.65,534.38,CJ - PMax (Samsung)|Phonebot (B) Standard Shopping
8283,(NOT IN GMC FEED),Apple Watch Series 10 42mm GPS Cellular Aluminium ,17.54,21.0,1027.0,0.0,0.0,PMax - Apple Watches
8250,(NOT IN GMC FEED),Google Pixel Buds Pro 2 [Brand New],17.42,37.0,396.0,1.0,219.01,CJ - PMax (Google)
8353,(NOT IN GMC FEED),,17.28,18.0,3630.0,0.0,0.0,CJ - PMax (Everything Else)
6959,(NOT IN GMC FEED),Apple iPad Pro 11-inch 1st Gen (1TB) WiFi Cellular,17.19,12.0,768.0,0.0,0.0,CJ - PMax (Apple) iPad|Phonebot (B) Standard Shopping
8607,(NOT IN GMC FEED),Lenovo Idea Tab 11-inch (128GB) Wifi [Open Box],17.15,29.0,2043.0,0.57,160.34,CJ - PMax (Everything Else)
2155,out of stock,Apple iPhone 12 Pro 5G (128GB) [Like New],17.06,9.0,998.0,0.0,0.0,CJ - PMax (Apple)|Phonebot (B) Standard Shopping
8393,(NOT IN GMC FEED),,17.03,54.0,5826.0,0.0,0.0,CJ - PMax (Everything Else)
4798,(NOT IN GMC FEED),Apple iPhone 14 5G (128GB) [Like New],16.51,11.0,2015.0,1.0,657.0,CJ - PMax (Apple)|Phonebot (B) Standard Shopping
2351,out of stock,Apple Watch Series 5 GPS 44mm Aluminum Case [Grade,16.34,49.0,3724.0,0.0,0.0,PMax - Apple Watches
8611,(NOT IN GMC FEED),Apple Watch Hermès Series 9 45mm GPS Cellular Stai,16.13,35.0,1605.0,0.0,0.0,PMax - Apple Watches
6085,(NOT IN GMC FEED),Samsung Galaxy Z Flip 5 5G (512GB) [Grade B],15.93,11.0,806.0,0.0,0.0,CJ - PMax (Samsung)|Phonebot (B) Standard Shopping
8519,(NOT IN GMC FEED),Google Pixel 9 Pro XL 5G | DeGoogled Graphene OS S,15.91,2.0,119.0,0.0,0.0,SS - All Products >$1000
8361,(NOT IN GMC FEED),Apple iPhone 17 Pro 5G (256GB) [Open Box],15.74,12.0,1457.0,0.0,0.0,SS - All Products >$1000|Phonebot (B) Standard Shopping
4555,out of stock,Apple Watch Series 7 45mm GPS Aluminium Case [Grad,15.73,19.0,1631.0,0.0,0.0,PMax - Apple Watches
8601,(NOT IN GMC FEED),Apple iPhone 16e 5G (128GB) [Grade B],15.64,20.0,1003.0,0.0,0.0,CJ - PMax (Apple)|Phonebot (B) Standard Shopping
8311,(NOT IN GMC FEED),Google Pixel 10 Pro Fold 5G (256GB) [Brand New],15.54,19.0,1645.0,0.0,0.0,SS - All Products >$1000
8287,(NOT IN GMC FEED),Samsung Galaxy Z Flip7 5G (256GB) [Like New],15.39,17.0,1084.0,0.11,122.68,SS - All Products >$1000|Phonebot (B) Standard Shopping
6288,(NOT IN GMC FEED),Apple iPhone 15 Pro 5G (256GB) [Grade B],15.31,7.0,440.0,0.51,477.46,CJ - PMax (Apple)|Phonebot (B) Standard Shopping
5437,(NOT IN GMC FEED),Samsung Galaxy S23 5G (128GB) [Grade A],15.29,10.0,198.0,0.0,0.0,CJ - PMax (Samsung)
6007,(NOT IN GMC FEED),,15.15,5.0,384.0,0.0,0.0,CJ - PMax (Apple)|Phonebot (B) Standard Shopping
8610,(NOT IN GMC FEED),Apple iPad Air 11-inch M2 Wifi Cellular (512GB) [G,15.13,14.0,792.0,0.0,0.0,CJ - PMax (Apple) iPad|Phonebot (B) Standard Shopping
5226,(NOT IN GMC FEED),Apple iPhone 14 Pro Max 5G (1TB) [Like New],15.13,13.0,579.0,0.0,0.0,SS - All Products >$1000|Phonebot (B) Standard Shopping
8299,(NOT IN GMC FEED),,15.06,33.0,3304.0,0.0,0.0,CJ - PMax (Everything Else)
8505,(NOT IN GMC FEED),Apple Watch Series 10 Edition Titanium 46mm GPS Ce,14.97,25.0,1003.0,0.0,0.0,PMax - Apple Watches
5159,(NOT IN GMC FEED),Samsung Galaxy S23 Ultra 5G (512GB) [Grade A],14.94,11.0,1443.0,0.0,0.0,CJ - PMax (Samsung)|Phonebot (B) Standard Shopping
7844,(NOT IN GMC FEED),Apple iPad Air 13-inch M2 Wifi Cellular (128GB) [L,14.8,16.0,1273.0,0.0,0.0,SS - All Products >$1000|Phonebot (B) Standard Shopping
8022,(NOT IN GMC FEED),Samsung Galaxy Watch 7 Bluetooth 40mm [Like New],14.64,24.0,1466.0,0.63,213.5,CJ - PMax (Samsung)|Phonebot (B) Standard Shopping
6569,(NOT IN GMC FEED),Samsung Galaxy S24 5G (256GB) [Grade A],14.64,22.0,2219.0,1.0,728.0,CJ - PMax (Samsung)|Phonebot (B) Standard Shopping
8660,(NOT IN GMC FEED),Google Pixel 10 Pro XL 5G (256GB) [Grade A],14.59,16.0,691.0,0.0,0.0,SS - All Products >$1000
5464,(NOT IN GMC FEED),Samsung Galaxy S23 Plus 5G (256GB) [Like New],14.55,2.0,580.0,0.0,0.0,CJ - PMax (Samsung)|Phonebot (B) Standard Shopping
4645,(NOT IN GMC FEED),Apple iPad Pro 11-inch 1st Gen (512GB) WiFi Cellul,14.54,12.0,1464.0,0.0,0.0,CJ - PMax (Apple) iPad|Phonebot (B) Standard Shopping
8408,(NOT IN GMC FEED),Google Pixel 9 Pro XL 5G (256GB) [Grade B],14.49,11.0,581.0,0.0,0.0,CJ - PMax (Google)
4969,(NOT IN GMC FEED),Google Pixel 7 Pro 5G (128GB) [Grade A],14.34,10.0,1015.0,1.0,394.01,CJ - PMax (Google)
8463,(NOT IN GMC FEED),Xiaomi 13 Ultra 5G - Chinese Version (1TB) [Open B,14.29,28.0,2687.0,0.0,0.0,CJ - PMax (Everything Else)
4079,out of stock,Samsung Galaxy S22 Ultra 5G (256GB) [Grade A],14.22,6.0,622.0,1.0,599.0,CJ - PMax (Samsung)|Phonebot (B) Standard Shopping
8015,(NOT IN GMC FEED),,14.14,11.0,2838.0,0.0,0.0,CJ - PMax (Everything Else)
7069,(NOT IN GMC FEED),Google Pixel 9 5G (128GB) [Like New],13.99,5.0,1626.0,0.0,0.0,CJ - PMax (Google)
5590,(NOT IN GMC FEED),Apple iPhone 14 Pro 5G (128GB) [Grade B],13.8,28.0,1711.0,0.0,0.0,CJ - PMax (Apple)|Phonebot (B) Standard Shopping
958,out of stock,Apple iPad 6th Gen (32GB) WiFi [Grade A],13.68,6.0,1278.0,1.0,724.0,CJ - PMax (Apple) iPad|Phonebot (B) Standard Shopping
4466,out of stock,Apple iPhone SE 5G 3rd Gen (128GB) [Like New],13.63,14.0,1408.0,0.0,0.0,CJ - PMax (Apple)|Phonebot (B) Standard Shopping
7869,(NOT IN GMC FEED),Samsung Galaxy Tab A9 Plus 5G (64GB) [Grade A],13.59,21.0,1047.0,0.0,0.0,CJ - PMax (Samsung)|Phonebot (B) Standard Shopping
7053,(NOT IN GMC FEED),Google Pixel 9 Pro XL 5G (512GB) [Like New],13.53,13.0,1561.0,1.0,1028.0,SS - All Products >$1000
4425,out of stock,Apple iPad Mini 6 (256GB) WiFi [Like New],13.52,19.0,722.0,1.0,559.0,CJ - PMax (Apple) iPad|Phonebot (B) Standard Shopping
8544,(NOT IN GMC FEED),,13.5,22.0,3767.0,0.0,0.0,CJ - PMax (Everything Else)
4933,(NOT IN GMC FEED),Apple iPhone 14 Pro Max 5G (256GB) [Grade A],13.44,12.0,1340.0,0.0,0.0,CJ - PMax (Apple)|Phonebot (B) Standard Shopping
4793,(NOT IN GMC FEED),Apple iPhone 14 Pro 5G (512GB) [Like New],13.25,9.0,494.0,0.0,0.0,CJ - PMax (Apple)
6343,(NOT IN GMC FEED),Samsung Galaxy A24 (128GB) [Like New],13.23,10.0,1415.0,0.56,120.8,CJ - PMax (Samsung)|Phonebot (B) Standard Shopping
4211,out of stock,Oppo Find X5 5G (256GB) [Grade A],13.22,28.0,2204.0,0.0,0.0,CJ - PMax (Everything Else)|SS - Excluded Products - >$100
5791,(NOT IN GMC FEED),Apple iPhone 14 Plus 5G (512GB) [Grade A],13.14,6.0,918.0,0.0,0.0,CJ - PMax (Apple)|Phonebot (B) Standard Shopping
2711,out of stock,Apple iPad 6th Gen (128GB) WiFi [Grade A],13.08,18.0,1914.0,2.0,543.0,CJ - PMax (Apple) iPad
8309,(NOT IN GMC FEED),Samsung Galaxy S25 Edge 5G (256GB) [Like New],12.88,15.0,911.0,0.0,0.0,CJ - PMax (Samsung)|Phonebot (B) Standard Shopping
6858,(NOT IN GMC FEED),Samsung Galaxy S24 5G (512GB) [Grade A],12.77,9.0,1201.0,0.28,135.2,CJ - PMax (Samsung)|Phonebot (B) Standard Shopping
6198,(NOT IN GMC FEED),Otterbox Symmetry Case for Samsung Galaxy S22,12.74,27.0,502.0,1.0,29.0,CJ - PMax (< $100 / Accessories) (PB)
7202,(NOT IN GMC FEED),Apple iPhone 15 Plus 5G (512GB) [Grade A],12.74,9.0,633.0,0.0,0.0,CJ - PMax (Apple)|Phonebot (B) Standard Shopping
7678,(NOT IN GMC FEED),Samsung Galaxy S24 Smart View Wallet Cover,12.57,28.0,927.0,3.5,101.5,CJ - PMax (< $100 / Accessories) (PB)
7005,(NOT IN GMC FEED),Apple Watch Series 9 41mm GPS Cellular Aluminium C,12.55,10.0,1402.0,0.0,0.0,PMax - Apple Watches
5195,(NOT IN GMC FEED),Apple Watch Series 8 41mm GPS Cellular Aluminium C,12.38,5.0,310.0,0.0,0.0,PMax - Apple Watches
8634,(NOT IN GMC FEED),Motorola Razr 50S 5G (256GB) [Grade A],12.35,22.0,1879.0,0.0,0.0,CJ - PMax (Everything Else)
4385,out of stock,Apple iPad 9th Gen (64GB) Wifi [Like New],12.34,5.0,615.0,0.0,0.0,CJ - PMax (Apple) iPad|Phonebot (B) Standard Shopping
6452,(NOT IN GMC FEED),Samsung Galaxy Tab A9 LTE (64GB) [Like New],12.32,25.0,853.0,1.0,197.0,CJ - PMax (Samsung)|Phonebot (B) Standard Shopping
8613,(NOT IN GMC FEED),Sony ULT WEAR Noise Cancelling Over-Ear Headphones,12.28,39.0,1202.0,0.0,0.0,CJ - PMax (Everything Else)
8550,(NOT IN GMC FEED),Apple Watch Series 10 42mm GPS Aluminium Case [Gra,12.28,22.0,1040.0,1.0,437.0,PMax - Apple Watches
6008,(NOT IN GMC FEED),Apple iPhone 15 Plus 5G (256GB) [Grade A],12.22,7.0,1160.0,0.0,0.0,CJ - PMax (Apple)|Phonebot (B) Standard Shopping
5954,(NOT IN GMC FEED),Apple iPad 10th Gen (256GB) Wifi Cellular [Grade A,12.1,11.0,757.0,0.0,0.0,CJ - PMax (Apple) iPad|Phonebot (B) Standard Shopping
7049,(NOT IN GMC FEED),Google Pixel 8a 5G (256GB) [Like New],12.01,4.0,44.0,1.0,499.01,CJ - PMax (Google)
3605,out of stock,Apple iPhone 13 (256GB) [Grade A],11.83,9.0,982.0,0.0,0.0,CJ - PMax (Apple)|Phonebot (B) Standard Shopping
5811,(NOT IN GMC FEED),Apple iPhone 15 Pro 5G (128GB) [Grade A],11.72,14.0,2323.0,0.0,0.0,CJ - PMax (Apple)|Phonebot (B) Standard Shopping
6082,(NOT IN GMC FEED),,11.67,11.0,796.0,1.0,529.0,CJ - PMax (Samsung)
4677,(NOT IN GMC FEED),Apple iPhone 14 Pro Max 5G (128GB) [Like New],11.6,12.0,1098.0,0.25,228.51,CJ - PMax (Apple)|Phonebot (B) Standard Shopping
8661,(NOT IN GMC FEED),Samsung Galaxy S25 FE 5G (256GB) [Grade A],11.44,17.0,1043.0,0.0,0.0,CJ - PMax (Samsung)|Phonebot (B) Standard Shopping
6024,(NOT IN GMC FEED),Apple iPhone 15 Pro Max 5G (256GB) [Grade A],11.44,7.0,608.0,0.0,0.0,SS - All Products >$1000|Phonebot (B) Standard Shopping
7423,(NOT IN GMC FEED),Samsung Galaxy A25 5G (128GB) [Like New],11.24,26.0,2088.0,1.96,546.93,CJ - PMax (Samsung)|Phonebot (B) Standard Shopping
4243,out of stock,Oppo Find X5 Pro 5G (256GB) [Grade A],11.23,26.0,1340.0,0.0,0.0,CJ - PMax (Everything Else)
4630,(NOT IN GMC FEED),Apple iPhone SE 5G 3rd Gen (128GB) [Grade A],11.1,16.0,1336.0,1.0,297.0,CJ - PMax (Apple)|Phonebot (B) Standard Shopping
7512,(NOT IN GMC FEED),Apple iPhone 16 Pro 5G (512GB) [Like New],11.03,7.0,64.0,0.0,0.0,SS - All Products >$1000
5196,(NOT IN GMC FEED),Apple Watch Series 8 41mm GPS Cellular Aluminium C,11.0,16.0,805.0,1.02,343.33,PMax - Apple Watches
5185,(NOT IN GMC FEED),Apple Watch Series 8 45mm GPS Aluminium Case [Grad,10.84,5.0,185.0,0.0,0.0,PMax - Apple Watches
4795,(NOT IN GMC FEED),Apple iPhone 14 Pro Max 5G (512GB) [Like New],10.72,6.0,2531.0,0.0,0.0,CJ - PMax (Apple)|Phonebot (B) Standard Shopping
7470,(NOT IN GMC FEED),Apple iPhone 16 Pro 5G (128GB) [Like New],10.52,7.0,425.0,0.0,0.0,SS - All Products >$1000|Phonebot (B) Standard Shopping
5197,(NOT IN GMC FEED),Apple Watch Series 8 41mm GPS Cellular Aluminium C,10.48,12.0,887.0,0.0,0.0,PMax - Apple Watches
7877,(NOT IN GMC FEED),Google Pixel 9a 5G (128GB) [Brand New],10.41,15.0,3424.0,0.0,0.0,CJ - PMax (Google)
4616,(NOT IN GMC FEED),Apple iPad Mini 2 (32GB) WiFi [Grade B],10.37,22.0,3487.0,0.0,0.0,CJ - PMax (Apple) iPad|Phonebot (B) Standard Shopping
7945,(NOT IN GMC FEED),Samsung Galaxy S25 5G (128GB) [Grade A],10.3,13.0,579.0,0.0,0.0,CJ - PMax (Samsung)|Phonebot (B) Standard Shopping
5377,(NOT IN GMC FEED),Google Pixel 7a 5G (128GB) [Grade A],10.29,6.0,652.0,0.0,0.0,CJ - PMax (Google)
6840,(NOT IN GMC FEED),Google Pixel 7 5G | DeGoogled Graphene OS Secure (,10.27,8.0,408.0,0.0,0.0,CJ - PMax (Google)
7192,(NOT IN GMC FEED),,10.12,26.0,3103.0,0.0,0.0,CJ - PMax (Everything Else)
7739,(NOT IN GMC FEED),Samsung Galaxy S25 5G (256GB) [Like New],10.09,12.0,1111.0,1.0,869.0,CJ - PMax (Samsung)
6478,(NOT IN GMC FEED),Samsung Galaxy S24 Ultra 5G (256GB) [Like New],10.07,11.0,972.0,0.0,0.0,CJ - PMax (Samsung)|Phonebot (B) Standard Shopping
6156,(NOT IN GMC FEED),Apple iPhone 14 Silicone Case with MagSafe,10.0,23.0,584.0,1.0,58.0,PMax - Covers - Excl.Products
7647,(NOT IN GMC FEED),Samsung Galaxy Z Flip5 Silicone Cover with Ring,9.98,18.0,430.0,3.0,87.0,CJ - PMax (< $100 / Accessories) (PB)
2463,out of stock,Apple iPad 8th Gen (32GB) WiFi Cellular [Grade A],9.98,6.0,671.0,0.0,0.0,CJ - PMax (Apple) iPad|Phonebot (B) Standard Shopping
8569,(NOT IN GMC FEED),Google Pixel 10 5G | DeGoogled Graphene OS Secure ,9.89,8.0,482.0,0.04,36.83,SS - All Products >$1000
8557,(NOT IN GMC FEED),Apple Watch Hermès Series 8 45mm GPS Cellular Stai,9.84,21.0,772.0,0.0,0.0,PMax - Apple Watches
8605,(NOT IN GMC FEED),Twelve South AirFly 2 Pro Bluetooth Audio Transmit,9.82,11.0,230.0,1.0,49.0,CJ - PMax (< $100 / Accessories) (PB)
7407,(NOT IN GMC FEED),Apple Watch Series 9 41mm GPS Aluminium Case [Grad,9.81,16.0,1111.0,0.0,0.0,PMax - Apple Watches
7992,(NOT IN GMC FEED),,9.75,14.0,2593.0,0.0,0.0,CJ - PMax (Everything Else)
4700,(NOT IN GMC FEED),Apple Watch Series 6 Nike 44mm GPS Aluminium Case ,9.74,24.0,2897.0,0.51,125.01,PMax - Apple Watches
6955,(NOT IN GMC FEED),Apple Watch Series 9 45mm GPS Cellular Aluminium C,9.74,13.0,1615.0,0.0,0.0,PMax - Apple Watches
5780,(NOT IN GMC FEED),Apple iPad Air 5th Gen (256GB) Wifi [Like New],9.71,10.0,550.0,0.0,0.0,CJ - PMax (Apple) iPad|Phonebot (B) Standard Shopping
6214,(NOT IN GMC FEED),Apple iPad Pro 12.9-inch 6th Gen M2 (128GB) Wifi C,9.7,4.0,409.0,0.0,0.0,SS - All Products >$1000|Phonebot (B) Standard Shopping
5150,(NOT IN GMC FEED),Samsung Galaxy S23 Ultra 5G (256GB) [Like New],9.69,4.0,468.0,0.0,0.0,CJ - PMax (Samsung)|Phonebot (B) Standard Shopping
3612,out of stock,Apple iPhone 13 5G (128GB) [Grade A],9.67,12.0,1086.0,1.0,457.0,CJ - PMax (Apple)|Phonebot (B) Standard Shopping
5258,(NOT IN GMC FEED),Apple iPad Pro 12.9-inch 5th Gen M1 (512GB) Wifi [,9.48,7.0,640.0,0.0,0.0,SS - All Products >$1000|Phonebot (B) Standard Shopping
7908,(NOT IN GMC FEED),Google Pixel 9 Pro 5G (256GB) [Grade A],9.36,8.0,248.0,0.0,0.0,CJ - PMax (Google)
7174,(NOT IN GMC FEED),Apple iPad Air (16GB) WiFi Cellular [Like New],9.25,12.0,1600.0,0.0,0.0,CJ - PMax (Apple) iPad|Phonebot (B) Standard Shopping
5237,(NOT IN GMC FEED),Samsung Galaxy Z Fold 4 Standing Cover with Pen,9.22,21.0,482.0,3.0,87.0,CJ - PMax (< $100 / Accessories) (PB)
7082,(NOT IN GMC FEED),Samsung Galaxy Watch Ultra Cellular 47mm [Like New,9.17,21.0,891.0,1.0,434.0,CJ - PMax (Samsung)|Phonebot (B) Standard Shopping
7035,(NOT IN GMC FEED),Samsung Galaxy Z Flip6 5G (512GB) [Grade A],9.09,7.0,237.0,0.0,0.0,CJ - PMax (Samsung)|Phonebot (B) Standard Shopping
1331,out of stock,Apple iPad Mini 4 (128GB) WiFi Cellular [Grade B],9.01,14.0,1022.0,0.0,0.0,CJ - PMax (Apple) iPad|Phonebot (B) Standard Shopping
5996,(NOT IN GMC FEED),Apple iPhone 15 Plus 5G (128GB) [Like New],8.98,5.0,935.0,0.0,0.0,CJ - PMax (Apple)
3498,out of stock,Apple iPhone 13 (128GB) [Like New],8.95,10.0,1366.0,0.0,0.0,CJ - PMax (Apple)|Phonebot (B) Standard Shopping
6708,(NOT IN GMC FEED),,8.93,18.0,1381.0,0.0,0.0,CJ - PMax (Samsung)|Phonebot (B) Standard Shopping
4920,(NOT IN GMC FEED),Apple iPad 9th Gen (256GB) Wifi [Like New],8.88,3.0,572.0,0.5,962.5,CJ - PMax (Apple) iPad|Phonebot (B) Standard Shopping
4082,out of stock,﻿Samsung Galaxy S22 5G (256GB) [Like New],8.88,6.0,390.0,0.0,0.0,CJ - PMax (Samsung)|Phonebot (B) Standard Shopping
7778,(NOT IN GMC FEED),Samsung Galaxy S25 Ultra 5G (256GB) [Like New],8.87,8.0,1175.0,0.0,0.0,SS - All Products >$1000|Phonebot (B) Standard Shopping
8561,(NOT IN GMC FEED),,8.76,16.0,1166.0,1.0,507.0,CJ - PMax (Everything Else)
8248,(NOT IN GMC FEED),Google Pixel Buds Pro 2 [Open Box],8.61,14.0,284.0,2.0,406.01,CJ - PMax (Google)
2230,out of stock,Apple Watch Series 6 44mm GPS Aluminium Case [Grad,8.46,19.0,2057.0,1.0,447.0,PMax - Apple Watches
4698,(NOT IN GMC FEED),Apple Watch Series 6 Nike 44mm GPS Cellular Alumin,8.27,23.0,1147.0,1.0,317.0,PMax - Apple Watches
7657,(NOT IN GMC FEED),Samsung Galaxy Z Fold5 Standing Cover with Strap,8.23,14.0,425.0,1.5,63.5,CJ - PMax (< $100 / Accessories) (PB)
6460,(NOT IN GMC FEED),Apple Watch Series 9 41mm GPS Cellular Stainless S,8.23,13.0,314.0,1.0,478.0,PMax - Apple Watches
6172,(NOT IN GMC FEED),Apple Watch Series 9 45mm GPS Aluminium Case [Like,8.12,5.0,246.0,1.0,379.0,PMax - Apple Watches
6517,(NOT IN GMC FEED),Apple Watch SE 2022 40mm GPS [Grade A],8.11,13.0,427.0,1.56,400.37,PMax - Apple Watches
8651,(NOT IN GMC FEED),Samsung Galaxy S26 Ultra 5G (256GB) [Open Box],8.02,10.0,556.0,0.0,0.0,SS - All Products >$1000|Phonebot (B) Standard Shopping
7947,(NOT IN GMC FEED),Samsung Galaxy S25 Ultra 5G (256GB) [Grade A],7.99,8.0,620.0,0.0,0.0,SS - All Products >$1000|Phonebot (B) Standard Shopping
4891,(NOT IN GMC FEED),Apple iPad Air 5th Gen (64GB) Wifi [Like New],7.98,5.0,547.0,0.0,0.0,CJ - PMax (Apple) iPad|Phonebot (B) Standard Shopping
6015,(NOT IN GMC FEED),Apple iPhone 15 Pro 5G (256GB) [Like New],7.9,4.0,433.0,0.0,0.0,SS - All Products >$1000|Phonebot (B) Standard Shopping
7257,(NOT IN GMC FEED),Pelican Guardian Case with MagSafe for iPhone 15 P,7.81,3.0,239.0,0.0,0.0,CJ - PMax (< $100 / Accessories) (PB)
6213,(NOT IN GMC FEED),Apple Watch Hermès Series 8 45mm GPS Cellular Stai,7.75,30.0,1395.0,0.0,0.0,PMax - Apple Watches
7141,(NOT IN GMC FEED),Apple iPhone 16 Plus 5G (128GB) [Like New],7.73,12.0,1767.0,0.0,0.0,SS - All Products >$1000|Phonebot (B) Standard Shopping
8566,(NOT IN GMC FEED),OnePlus 10 Pro 5G NE2213 Global Ver (128GB) [Grade,7.69,14.0,1566.0,0.0,0.0,CJ - PMax (Everything Else)
5180,(NOT IN GMC FEED),Apple Watch Series 8 41mm GPS Aluminium Case [Grad,7.67,10.0,893.0,0.0,0.0,PMax - Apple Watches
6732,(NOT IN GMC FEED),Apple iPad Pro 12.9-inch 6th Gen M2 (128GB) Wifi [,7.6,3.0,179.0,0.0,0.0,SS - All Products >$1000
7173,(NOT IN GMC FEED),Google Pixel 8 Pro 5G | DeGoogled Graphene OS Secu,7.54,4.0,555.0,0.0,0.0,CJ - PMax (Google)
8258,(NOT IN GMC FEED),Samsung Galaxy S25 Ultra 5G (1TB) [Like New],7.47,5.0,932.0,0.0,0.0,SS - All Products >$1000|Phonebot (B) Standard Shopping
5238,(NOT IN GMC FEED),Apple Watch Series 7 41mm GPS Cellular Stainless S,7.37,11.0,1911.0,0.0,0.0,PMax - Apple Watches
8497,(NOT IN GMC FEED),Google Pixel 9 Pro 5G | DeGoogled Graphene OS Secu,7.2,3.0,314.0,0.0,0.0,SS - All Products >$1000
8101,(NOT IN GMC FEED),Google Pixel 9a 5G (128GB) [Grade A],7.19,11.0,892.0,0.0,0.0,CJ - PMax (Google)
8649,(NOT IN GMC FEED),Samsung Galaxy Tab A9 Plus Wifi (64GB) [Grade A],7.17,10.0,464.0,0.0,0.0,CJ - PMax (Samsung)|Phonebot (B) Standard Shopping
8483,(NOT IN GMC FEED),Apple Watch Series 10 46mm GPS Aluminium Case [Gra,7.15,11.0,726.0,0.0,0.0,PMax - Apple Watches
6735,(NOT IN GMC FEED),Apple Watch Series 9 41mm GPS Aluminium Case [Grad,7.1,14.0,1044.0,0.0,0.0,PMax - Apple Watches
7826,(NOT IN GMC FEED),Honor Magic V2 5G Dual Sim (512GB) [Like New],7.09,14.0,966.0,0.0,0.0,CJ - PMax (Everything Else)
4672,(NOT IN GMC FEED),Apple iPhone 13 Mini (256GB) [Grade B],6.99,5.0,426.0,0.0,0.0,CJ - PMax (Apple)|Phonebot (B) Standard Shopping
7171,(NOT IN GMC FEED),,6.99,2.0,443.0,0.0,0.0,CJ - PMax (Google)
8577,(NOT IN GMC FEED),Samsung Galaxy Watch Ultra Cellular 47mm 2025 [Ope,6.83,14.0,962.0,0.0,0.0,CJ - PMax (Samsung)|Phonebot (B) Standard Shopping
4979,(NOT IN GMC FEED),Samsung Galaxy S22 Plus 5G (256GB) [Grade B],6.82,3.0,193.0,0.0,0.0,CJ - PMax (Samsung)|Phonebot (B) Standard Shopping
6988,(NOT IN GMC FEED),Samsung Galaxy S24 Plus Smart View Wallet Cover,6.79,19.0,388.0,1.49,71.8,CJ - PMax (< $100 / Accessories) (PB)
7156,(NOT IN GMC FEED),Google Pixel 7 Pro 5G | DeGoogled Graphene OS Secu,6.62,2.0,240.0,0.0,0.0,CJ - PMax (Google)
7157,(NOT IN GMC FEED),,6.5,2.0,638.0,0.0,0.0,CJ - PMax (Google)
6846,(NOT IN GMC FEED),Google Pixel 7 Pro 5G | DeGoogled Graphene OS Secu,6.49,7.0,417.0,0.0,0.0,CJ - PMax (Google)
6150,(NOT IN GMC FEED),,6.46,10.0,1589.0,0.0,0.0,CJ - PMax (Everything Else)
8573,(NOT IN GMC FEED),Google Pixel 10 5G (128GB) [Grade A],6.44,10.0,248.0,0.0,0.0,CJ - PMax (Google)
2323,out of stock,Apple iPad 6th Gen (32GB) WiFi [Grade B],6.42,8.0,1106.0,0.0,0.0,CJ - PMax (Apple) iPad|Phonebot (B) Standard Shopping
8507,(NOT IN GMC FEED),Google Pixel 9a 5G | DeGoogled Graphene OS Secure ,6.31,7.0,970.0,0.0,0.0,CJ - PMax (Google)
8500,(NOT IN GMC FEED),Google Pixel 9 Pro 5G | DeGoogled Graphene OS Secu,6.26,7.0,272.0,0.0,0.0,SS - All Products >$1000
2499,out of stock,Samsung Galaxy Note 20 5G (256GB) [Grade A],6.23,9.0,851.0,0.0,0.0,CJ - PMax (Samsung)|Phonebot (B) Standard Shopping
8440,(NOT IN GMC FEED),,6.21,10.0,2868.0,0.0,0.0,CJ - PMax (Everything Else)
5666,(NOT IN GMC FEED),Samsung Galaxy S22 Plus Smart LED View Cover,6.19,17.0,287.0,0.0,0.0,PMax - Covers - Excl.Products
8302,(NOT IN GMC FEED),,6.04,14.0,1093.0,0.0,0.0,CJ - PMax (Samsung)
6521,(NOT IN GMC FEED),Samsung Galaxy S24 Ultra 5G (1TB) [Like New],6.02,2.0,251.0,0.0,0.0,SS - All Products >$1000|Phonebot (B) Standard Shopping
7420,(NOT IN GMC FEED),Apple iPhone 16 Plus 5G (256GB) [Like New],6.01,4.0,824.0,0.0,0.0,SS - All Products >$1000|Phonebot (B) Standard Shopping
1273,out of stock,Apple iPad Mini 4 (128GB) WiFi [Grade A],6.0,6.0,338.0,1.0,177.0,CJ - PMax (Apple) iPad|Phonebot (B) Standard Shopping
7982,(NOT IN GMC FEED),,5.89,21.0,2211.0,1.0,369.0,CJ - PMax (Everything Else)
6690,(NOT IN GMC FEED),Apple Watch SE 2022 44mm GPS [Grade B],5.79,7.0,851.0,0.99,225.99,PMax - Apple Watches
2305,out of stock,Apple Watch Series 6 40mm GPS Aluminium Case [Grad,5.68,17.0,1178.0,1.0,199.0,PMax - Apple Watches
2233,out of stock,Apple Watch Series 6 44mm GPS + Cellular Aluminium,5.63,4.0,620.0,0.33,83.0,PMax - Apple Watches
8560,(NOT IN GMC FEED),Apple iPhone 15 Pro 5G (512GB) [Grade B],5.63,5.0,258.0,0.0,1.35,SS - All Products >$1000|Phonebot (B) Standard Shopping
6472,(NOT IN GMC FEED),UAG Plyo Case for iPad 10th Gen,5.57,3.0,70.0,0.13,71.17,CJ - PMax (< $100 / Accessories) (PB)
2384,out of stock,Apple iPad Air 4th Gen (64GB) WiFi [Like New],5.57,6.0,905.0,0.0,0.0,CJ - PMax (Apple) iPad|Phonebot (B) Standard Shopping
8486,(NOT IN GMC FEED),Apple Watch Series 10 46mm GPS Cellular Aluminium ,5.54,7.0,282.0,0.0,0.0,PMax - Apple Watches|Phonebot (B) Standard Shopping
6842,(NOT IN GMC FEED),,5.47,11.0,1313.0,0.0,0.0,CJ - PMax (Google)
3114,out of stock,Apple iPad Pro 12.9-inch 1st Gen (256GB) WiFi Cell,5.42,4.0,206.0,0.0,0.0,CJ - PMax (Apple) iPad|Phonebot (B) Standard Shopping
5203,(NOT IN GMC FEED),Apple Watch Series 8 41mm GPS Cellular Stainless S,5.38,5.0,619.0,0.0,0.0,PMax - Apple Watches
5356,(NOT IN GMC FEED),Samsung Galaxy Tab S8 Ultra Book Cover,5.36,18.0,268.0,0.0,0.0,CJ - PMax (< $100 / Accessories) (PB)
7948,(NOT IN GMC FEED),Samsung Galaxy A35 5G Dual Sim (128GB) [Grade A],5.35,9.0,169.0,0.0,0.0,CJ - PMax (Samsung)
2496,out of stock,Apple iPad Mini 4 (128GB) WiFi [Like New],5.34,6.0,312.0,0.0,0.0,CJ - PMax (Apple) iPad|Phonebot (B) Standard Shopping
8602,(NOT IN GMC FEED),Motorola Moto G84 5G (256GB) [Like new],5.33,14.0,706.0,1.0,307.0,CJ - PMax (Everything Else)
5810,(NOT IN GMC FEED),Apple iPhone 15 Pro 5G (128GB) [Like New],5.33,6.0,328.0,0.0,0.0,CJ - PMax (Apple)
8568,(NOT IN GMC FEED),Google Pixel 10 5G | DeGoogled Graphene OS Secure ,5.32,2.0,229.0,0.0,0.0,SS - All Products >$1000
6845,(NOT IN GMC FEED),Google Pixel 7 Pro 5G | DeGoogled Graphene OS Secu,5.28,5.0,1040.0,0.0,0.0,CJ - PMax (Google)
4873,(NOT IN GMC FEED),Apple iPhone 14 Plus 5G (128GB) [Grade A],5.23,7.0,1379.0,0.0,0.0,CJ - PMax (Apple)|Phonebot (B) Standard Shopping
7134,(NOT IN GMC FEED),Apple iPhone 16 Pro 5G (256GB) [Grade A],5.15,8.0,983.0,0.0,0.0,SS - All Products >$1000|Phonebot (B) Standard Shopping
2151,out of stock,Apple iPhone 12 5G (64GB) [Like New],5.14,4.0,1056.0,0.0,0.0,CJ - PMax (Apple)|Phonebot (B) Standard Shopping
6550,(NOT IN GMC FEED),Samsung Galaxy A24 (128GB) [Grade A],5.1,11.0,984.0,0.0,0.0,CJ - PMax (Samsung)|Phonebot (B) Standard Shopping
8606,(NOT IN GMC FEED),Oppo A6 5G (256GB) [Like New],5.05,15.0,755.0,0.0,0.0,CJ - PMax (Everything Else)
7161,(NOT IN GMC FEED),Google Pixel 7 Pro 5G | DeGoogled Graphene OS Secu,5.05,2.0,134.0,0.0,0.0,CJ - PMax (Google)
6872,(NOT IN GMC FEED),Samsung Galaxy A14 Dual Sim (64GB) [Grade A],4.94,6.0,306.0,1.0,159.0,CJ - PMax (Samsung)|Phonebot (B) Standard Shopping
6780,(NOT IN GMC FEED),Apple Watch Hermès Series 7 41mm GPS Cellular Stai,4.73,16.0,1091.0,0.0,0.0,PMax - Apple Watches
5845,(NOT IN GMC FEED),,4.72,20.0,1253.0,0.0,0.0,CJ - PMax (Everything Else)
8319,(NOT IN GMC FEED),Samsung Galaxy Watch 8 44mm Bluetooth [Like New],4.67,10.0,607.0,1.0,359.0,CJ - PMax (Samsung)|Phonebot (B) Standard Shopping
4872,(NOT IN GMC FEED),,4.51,3.0,1493.0,0.0,0.0,CJ - PMax (Apple)|Phonebot (B) Standard Shopping
2712,out of stock,Apple iPad 8th Gen (128GB) WiFi [Grade A],4.51,1.0,255.0,0.0,0.0,CJ - PMax (Apple) iPad|Phonebot (B) Standard Shopping
5958,(NOT IN GMC FEED),Google Pixel 8 Pro 5G (128GB) [Like New],4.31,2.0,469.0,0.0,2.03,CJ - PMax (Google)
7723,(NOT IN GMC FEED),Apple Leather Case Cover for iPhone 14,4.3,12.0,280.0,1.0,29.0,CJ - PMax (< $100 / Accessories) (PB)
7605,(NOT IN GMC FEED),ZAGG InvisibleShield Glass XTR3 Tempered Glass Scr,4.18,6.0,48.0,1.0,35.0,CJ - PMax (< $100 / Accessories) (PB)
5208,(NOT IN GMC FEED),Apple Watch Series 8 45mm GPS Cellular Stainless S,4.18,5.0,707.0,0.0,0.0,PMax - Apple Watches
8170,(NOT IN GMC FEED),Apple iPad Air 13-inch M3 Wifi Cellular (512GB) [L,4.18,4.0,286.0,0.0,0.0,SS - All Products >$1000|Phonebot (B) Standard Shopping
8330,(NOT IN GMC FEED),Apple iPhone 16e 5G (128GB) [Grade A],4.13,6.0,368.0,0.0,0.0,CJ - PMax (Apple)|Phonebot (B) Standard Shopping
4614,(NOT IN GMC FEED),Apple iPad Air 4th Gen (256GB) WiFi [Grade B],4.08,4.0,823.0,0.0,0.0,CJ - PMax (Apple) iPad|Phonebot (B) Standard Shopping
6849,(NOT IN GMC FEED),Google Pixel 8 5G | DeGoogled Graphene OS Secure (,4.05,5.0,601.0,0.0,0.0,CJ - PMax (Google)
8501,(NOT IN GMC FEED),,3.91,6.0,1335.0,0.0,0.0,CJ - PMax (Google)
5407,(NOT IN GMC FEED),Apple iPhone 14 Plus 5G (512GB) [Like New],3.9,5.0,431.0,0.0,0.0,CJ - PMax (Apple)|Phonebot (B) Standard Shopping
4242,out of stock,Apple iPhone 13 5G (256GB) [Grade B],3.79,5.0,343.0,0.0,0.0,CJ - PMax (Apple)|Phonebot (B) Standard Shopping
8546,(NOT IN GMC FEED),Google Pixel 10 5G (128GB) [Like New],3.79,5.0,283.0,0.0,0.0,CJ - PMax (Google)
2628,out of stock,Apple iPad Pro 9.7-inch (32GB) WiFi [Grade B],3.69,6.0,666.0,1.0,149.0,CJ - PMax (Apple) iPad|Phonebot (B) Standard Shopping
4657,(NOT IN GMC FEED),,3.6,8.0,2726.0,0.0,0.0,CJ - PMax (Everything Else)
4763,(NOT IN GMC FEED),Samsung Galaxy S22 Plus Smart Clear View Cover Cas,3.58,6.0,342.0,0.0,0.0,PMax - Covers - Excl.Products
7690,(NOT IN GMC FEED),Samsung Galaxy S24 Ultra Silicone Case Cover,3.47,2.0,181.0,0.0,0.0,PMax - Covers - Excl.Products
8571,(NOT IN GMC FEED),Google Pixel 10 Pro 5G | DeGoogled Graphene OS Sec,3.41,2.0,491.0,0.0,0.0,SS - All Products >$1000
6161,(NOT IN GMC FEED),Samsung Galaxy A53 5G Smart S-View Wallet Cover,3.37,10.0,128.0,1.0,38.0,CJ - PMax (< $100 / Accessories) (PB)
6968,(NOT IN GMC FEED),,3.34,10.0,232.0,1.0,29.0,PMax - Covers - Excl.Products
8487,(NOT IN GMC FEED),,3.29,3.0,297.0,0.0,0.0,CJ - PMax (Google)
6390,(NOT IN GMC FEED),Apple iPhone 15 5G (512GB) [Grade A],3.29,2.0,98.0,0.0,0.0,Phonebot (B) Standard Shopping
6184,(NOT IN GMC FEED),Samsung Galaxy Z Fold5 5G (256GB) [Grade A],3.24,4.0,195.0,0.61,458.56,CJ - PMax (Samsung)|Phonebot (B) Standard Shopping
1013,out of stock,Apple iPhone XR (128GB) [Grade A],3.2,2.0,287.0,0.0,0.0,CJ - PMax (Apple)|Phonebot (B) Standard Shopping
5230,(NOT IN GMC FEED),,3.15,12.0,227.0,1.0,69.0,PMax - Covers - Excl.Products
8593,(NOT IN GMC FEED),Apple iPad Air 11-inch M3 Wifi Cellular (512GB) [G,3.11,3.0,127.0,1.0,1149.0,SS - All Products >$1000|Phonebot (B) Standard Shopping
4871,(NOT IN GMC FEED),Apple iPhone 14 5G (256GB) [Grade A],3.07,3.0,571.0,0.0,0.0,CJ - PMax (Apple)|Phonebot (B) Standard Shopping
1424,out of stock,Apple iPad Pro 9.7-inch (32GB) WiFi [Grade A],3.05,6.0,528.0,0.0,0.0,CJ - PMax (Apple) iPad|Phonebot (B) Standard Shopping
5199,(NOT IN GMC FEED),Apple Watch Series 8 45mm GPS Cellular Aluminium C,3.05,3.0,239.0,0.0,0.0,PMax - Apple Watches
5514,(NOT IN GMC FEED),Dbramante Samsung S22 Costa Rica Silicone Case,3.03,1.0,9.0,0.0,0.0,CJ - PMax (< $100 / Accessories) (PB)
7654,(NOT IN GMC FEED),Samsung Galaxy Z Fold5 Eco-Leather Cover,3.01,6.0,111.0,0.0,0.0,CJ - PMax (< $100 / Accessories) (PB)
6729,(NOT IN GMC FEED),Apple Watch Series 9 45mm GPS Aluminium Case [Grad,2.93,7.0,212.0,0.0,0.0,PMax - Apple Watches
8040,(NOT IN GMC FEED),Samsung Galaxy A16 5G (128GB) [Grade B],2.92,8.0,727.0,0.0,0.0,CJ - PMax (Samsung)|Phonebot (B) Standard Shopping
6979,(NOT IN GMC FEED),Samsung Galaxy S23 Plus Silicone Case,2.87,7.0,109.0,0.0,0.0,PMax - Covers - Excl.Products
7557,(NOT IN GMC FEED),Samsung Galaxy S25 Ultra 5G (256GB) [Open Box],2.83,6.0,165.0,0.0,0.0,SS - All Products >$1000|Phonebot (B) Standard Shopping
4224,out of stock,Samsung Galaxy S22 Plus 5G (128GB) [Like New],2.81,3.0,447.0,1.0,397.0,CJ - PMax (Samsung)|Phonebot (B) Standard Shopping
4674,(NOT IN GMC FEED),Apple iPhone 14 Pro 5G (128GB) [Like New],2.77,2.0,174.0,0.0,0.0,CJ - PMax (Apple)|Phonebot (B) Standard Shopping
6971,(NOT IN GMC FEED),Samsung Galaxy S23 Clear Gadget Case,2.73,1.0,19.0,0.0,0.0,CJ - PMax (< $100 / Accessories) (PB)
1552,out of stock,Apple iPad Air 2 (16GB) WiFi Cellular [Grade A],2.73,5.0,306.0,0.0,0.0,CJ - PMax (Apple) iPad
6847,(NOT IN GMC FEED),,2.68,3.0,470.0,0.0,0.0,CJ - PMax (Google)
7630,(NOT IN GMC FEED),Otterbox Symmetry Series Case for Samsung Galaxy S,2.67,7.0,172.0,2.5,101.5,CJ - PMax (< $100 / Accessories) (PB)
6014,(NOT IN GMC FEED),Apple iPhone 15 5G (256GB) [Like New],2.65,2.0,102.0,0.0,0.0,CJ - PMax (Apple)|Phonebot (B) Standard Shopping
4697,(NOT IN GMC FEED),Apple Watch Series 7 45mm GPS Cellular Stainless S,2.63,3.0,332.0,0.0,0.0,PMax - Apple Watches
8576,(NOT IN GMC FEED),Google Pixel 10 Pro XL 5G | DeGoogled Graphene OS ,2.62,3.0,146.0,0.0,0.0,SS - All Products >$1000
5324,(NOT IN GMC FEED),Apple iPhone 13 Pro Max (1TB) [Grade B],2.58,5.0,563.0,0.0,0.0,CJ - PMax (Apple)|Phonebot (B) Standard Shopping
2385,out of stock,Apple iPad 6th Gen (32GB) WiFi Cellular [Grade B],2.57,6.0,660.0,0.0,0.0,CJ - PMax (Apple) iPad|Phonebot (B) Standard Shopping
2145,out of stock,Apple iPhone 12 5G (64GB) [Grade A],2.52,2.0,144.0,0.0,0.0,CJ - PMax (Apple)|Phonebot (B) Standard Shopping
8301,(NOT IN GMC FEED),Apple Watch Series 10 46mm GPS Cellular Aluminium ,2.52,3.0,73.0,0.0,0.0,PMax - Apple Watches
6479,(NOT IN GMC FEED),,2.52,4.0,483.0,0.0,0.0,CJ - PMax (Samsung)
8147,(NOT IN GMC FEED),Apple Watch Series 10 42mm GPS Aluminium Case [Lik,2.51,7.0,217.0,0.0,0.0,PMax - Apple Watches
783,out of stock,Apple iPhone 8 (64GB) [Grade A],2.51,4.0,719.0,0.0,0.0,CJ - PMax (Apple)|Phonebot (B) Standard Shopping
1715,out of stock,Apple iPad 7th Gen (32GB) WiFi [Grade A],2.5,6.0,1180.0,0.0,0.0,CJ - PMax (Apple) iPad|Phonebot (B) Standard Shopping
2736,out of stock,Tech21 Evo Check Case For Samsung Galaxy Note 20 5,2.48,1.0,3.0,0.0,0.0,CJ - PMax (< $100 / Accessories) (PB)
1210,out of stock,Apple iPad Pro 9.7-inch (32GB) WiFi Cellular [Grad,2.43,7.0,2244.0,0.0,0.0,CJ - PMax (Apple) iPad|Phonebot (B) Standard Shopping
5441,(NOT IN GMC FEED),Apple iPhone 14 Plus 5G (256GB) [Grade B],2.25,1.0,423.0,0.0,0.0,CJ - PMax (Apple)|Phonebot (B) Standard Shopping
7320,(NOT IN GMC FEED),Samsung Galaxy Chromebook Go LTE (64GB) [Like New],2.24,13.0,648.0,2.0,566.0,CJ - PMax (Samsung)
5320,(NOT IN GMC FEED),Apple iPhone 14 Pro 5G (512GB) [Grade B],2.22,3.0,597.0,0.0,0.0,CJ - PMax (Apple)|Phonebot (B) Standard Shopping
7894,(NOT IN GMC FEED),Apple iPhone 16 Pro Max 5G (512GB) [Grade A],2.2,3.0,775.0,0.0,0.0,SS - All Products >$1000|Phonebot (B) Standard Shopping
4868,(NOT IN GMC FEED),Apple iPhone 14 5G (128GB) [Grade B],2.18,7.0,1032.0,0.0,0.0,CJ - PMax (Apple)|Phonebot (B) Standard Shopping
7335,(NOT IN GMC FEED),Apple iPhone 16 5G (128GB) [Grade A],2.18,2.0,243.0,0.0,0.0,CJ - PMax (Apple)|Phonebot (B) Standard Shopping
6080,(NOT IN GMC FEED),Samsung Galaxy S23 FE 5G (128GB) [Like New],2.17,3.0,243.0,0.14,83.22,CJ - PMax (Samsung)|Phonebot (B) Standard Shopping
6736,(NOT IN GMC FEED),Apple Watch Series 9 45mm GPS Aluminium Case [Grad,2.17,4.0,191.0,0.0,0.0,PMax - Apple Watches
3955,out of stock,Samsung Galaxy S22 Ultra 5G (256GB) [Like New],2.17,2.0,48.0,0.0,0.0,CJ - PMax (Samsung)|Phonebot (B) Standard Shopping
5640,(NOT IN GMC FEED),OtterBox Symmetry Case for iPhone 12 Pro Max,2.14,8.0,178.0,0.0,0.0,PMax - Covers - Excl.Products
4049,out of stock,Apple iPad 8th Gen (128GB) WiFi [Grade B],2.1,1.0,254.0,0.0,0.0,CJ - PMax (Apple) iPad|Phonebot (B) Standard Shopping
8211,(NOT IN GMC FEED),Samsung Galaxy S25 Plus 5G (256GB) [Open Box],2.1,3.0,225.0,0.0,0.0,SS - All Products >$1000|Phonebot (B) Standard Shopping
8570,(NOT IN GMC FEED),Google Pixel 10 Pro 5G | DeGoogled Graphene OS Sec,2.1,1.0,378.0,0.0,0.0,SS - All Products >$1000
6981,(NOT IN GMC FEED),Samsung Galaxy S23 Plus Silicone Grip Case,2.01,2.0,61.0,1.0,29.0,CJ - PMax (< $100 / Accessories) (PB)
7496,(NOT IN GMC FEED),UAG Pathfinder Case with MagSafe for iPhone 15 Pro,2.01,4.0,129.0,0.0,0.0,CJ - PMax (< $100 / Accessories) (PB)
8637,(NOT IN GMC FEED),Vivo V40 5G (256GB) [Grade A],2.0,7.0,319.0,0.0,0.0,CJ - PMax (Everything Else)
4758,(NOT IN GMC FEED),Samsung Galaxy Tab S7 | S8 Book Cover,2.0,3.0,124.0,0.0,0.0,PMax - Covers - Excl.Products
3643,out of stock,Apple Watch Series 6 44mm GPS + Cellular Aluminium,1.99,4.0,209.0,0.5,122.0,PMax - Apple Watches
5578,(NOT IN GMC FEED),Samsung Galaxy A34 5G Dual Sim (128GB) [Like New],1.95,3.0,251.0,0.0,0.0,CJ - PMax (Samsung)|Phonebot (B) Standard Shopping
8503,(NOT IN GMC FEED),Apple Watch Series 10 42mm GPS Aluminium Case [Gra,1.95,4.0,420.0,0.0,0.0,PMax - Apple Watches
7132,(NOT IN GMC FEED),Samsung Galaxy S23 FE 5G (128GB) [Grade B],1.92,2.0,88.0,0.0,0.0,CJ - PMax (Samsung)|Phonebot (B) Standard Shopping
8492,(NOT IN GMC FEED),Google Pixel 9 5G | DeGoogled Graphene OS Secure (,1.85,2.0,201.0,0.0,0.0,CJ - PMax (Google)
8496,(NOT IN GMC FEED),Google Pixel 9 Pro 5G | DeGoogled Graphene OS Secu,1.79,1.0,82.0,0.0,0.0,SS - All Products >$1000
8572,(NOT IN GMC FEED),Google Pixel 10 Pro 5G | DeGoogled Graphene OS Sec,1.78,1.0,200.0,0.0,0.0,SS - All Products >$1000
5188,(NOT IN GMC FEED),Google Pixel 7 5G (256GB) [Grade A],1.7,1.0,323.0,0.0,0.0,CJ - PMax (Google)
6025,(NOT IN GMC FEED),Apple iPhone 15 Pro Max 5G (256GB) [Like New],1.69,3.0,76.0,0.0,0.0,SS - All Products >$1000|Phonebot (B) Standard Shopping
7648,(NOT IN GMC FEED),Samsung Galaxy Z Flip5 Flap Eco-Leather Case,1.68,6.0,167.0,0.0,0.0,CJ - PMax (< $100 / Accessories) (PB)
5262,(NOT IN GMC FEED),Apple iPhone 14 Pro Max 5G (512GB) [Grade A],1.68,3.0,290.0,0.0,0.0,CJ - PMax (Apple)|Phonebot (B) Standard Shopping
8597,(NOT IN GMC FEED),,1.68,1.0,573.0,0.0,0.0,CJ - PMax (Everything Else)
8580,(NOT IN GMC FEED),Apple iPhone 17 Pro Max 5G (512GB) [Open Box],1.66,2.0,104.0,0.0,0.0,Standard Shopping - iPhone 17|SS - All Products >$1000
8529,(NOT IN GMC FEED),Samsung Galaxy A25 5G (128GB) [Grade B],1.62,6.0,1517.0,0.0,0.0,CJ - PMax (Samsung)|Phonebot (B) Standard Shopping
7644,(NOT IN GMC FEED),Otterbox Symmetry Case for iPhone 15 Pro,1.6,4.0,222.0,0.0,0.0,CJ - PMax (< $100 / Accessories) (PB)
6488,(NOT IN GMC FEED),HyperDrive 6-in-1 USB-C Hub for iMac 24-inch,1.59,4.0,146.0,1.0,87.0,CJ - PMax (< $100 / Accessories) (PB)
6453,(NOT IN GMC FEED),Samsung Galaxy S24 5G (128GB) [Like New],1.59,1.0,97.0,0.84,575.0,CJ - PMax (Samsung)|Phonebot (B) Standard Shopping
6705,(NOT IN GMC FEED),Apple Watch Series 9 45mm GPS Cellular Stainless S,1.54,6.0,825.0,0.0,0.0,PMax - Apple Watches
7645,(NOT IN GMC FEED),Otterbox Symmetry Case for iPhone 15 Pro Max,1.52,3.0,175.0,0.0,0.0,CJ - PMax (< $100 / Accessories) (PB)
5911,(NOT IN GMC FEED),Apple iPad Pro 12.9-inch 6th Gen M2 (128GB) Wifi [,1.49,6.0,328.0,0.0,0.0,SS - All Products >$1000|Phonebot (B) Standard Shopping
5184,(NOT IN GMC FEED),Apple Watch Series 8 45mm GPS Aluminium Case [Grad,1.44,3.0,82.0,0.0,0.0,PMax - Apple Watches
6372,(NOT IN GMC FEED),Apple Watch Series 9 41mm GPS Aluminium Case [Like,1.44,2.0,373.0,0.0,0.0,PMax - Apple Watches
7745,(NOT IN GMC FEED),Samsung Galaxy S24 Plus 5G (512GB) [Grade B],1.43,2.0,213.0,0.0,0.0,CJ - PMax (Samsung)|Phonebot (B) Standard Shopping
2344,out of stock,Samsung Galaxy Note 20 5G (256GB) [Like New],1.38,3.0,220.0,0.84,317.21,CJ - PMax (Samsung)|Phonebot (B) Standard Shopping
6841,(NOT IN GMC FEED),Google Pixel 7 5G | DeGoogled Graphene OS Secure (,1.37,1.0,155.0,0.0,0.0,CJ - PMax (Google)
6843,(NOT IN GMC FEED),Google Pixel 7a 5G | DeGoogled Graphene OS Secure ,1.36,3.0,376.0,0.0,0.0,CJ - PMax (Google)
8018,(NOT IN GMC FEED),Samsung Galaxy Tab S9 Ultra Wifi (1TB) [Like New],1.35,2.0,19.0,0.49,487.79,CJ - PMax (Samsung)|Phonebot (B) Standard Shopping
7658,(NOT IN GMC FEED),Samsung Galaxy S23 FE Smart View Wallet Cover,1.33,5.0,162.0,0.0,0.0,PMax - Covers - Excl.Products
8482,(NOT IN GMC FEED),Apple iPad Pro 13-inch M5 (256GB) Wifi Cellular [O,1.32,2.0,139.0,0.0,0.0,SS - All Products >$1000|Phonebot (B) Standard Shopping
8636,(NOT IN GMC FEED),Apple iPad Air 4th Gen (64GB) Wifi Cellular [Open ,1.27,1.0,92.0,0.0,0.0,CJ - PMax (Apple) iPad|Phonebot (B) Standard Shopping
8489,(NOT IN GMC FEED),,1.27,3.0,752.0,0.0,0.0,CJ - PMax (Google)
1115,out of stock,Apple iPad 5th Gen (128GB) WiFi [Grade A],1.22,1.0,570.0,1.0,178.0,CJ - PMax (Apple) iPad
8516,(NOT IN GMC FEED),,1.21,2.0,1542.0,0.0,0.0,CJ - PMax (Google)
7242,(NOT IN GMC FEED),Pelican Ranger Case with MagSafe For iPhone 14 Pro,1.19,4.0,69.0,0.0,0.0,CJ - PMax (< $100 / Accessories) (PB)
7166,(NOT IN GMC FEED),Google Pixel 8 5G | DeGoogled Graphene OS Secure (,1.18,1.0,135.0,0.0,0.0,CJ - PMax (Google)
6813,(NOT IN GMC FEED),Samsung Galaxy Buds 3 [Brand New],1.17,2.0,259.0,0.0,0.0,CJ - PMax (Samsung)
6983,(NOT IN GMC FEED),Samsung Galaxy S24 Silicone Case,1.13,3.0,277.0,0.0,0.0,CJ - PMax (< $100 / Accessories) (PB)
8564,(NOT IN GMC FEED),,1.12,1.0,1032.0,0.0,0.0,CJ - PMax (Everything Else)
7780,(NOT IN GMC FEED),Samsung Galaxy S25 Plus 5G (256GB) [Like New],1.1,2.0,35.0,1.0,2306.0,CJ - PMax (Samsung)|Phonebot (B) Standard Shopping
7619,(NOT IN GMC FEED),ZAGG InvisibleShield Glass XTR3 Screen Protector f,1.09,1.0,39.0,0.0,0.0,CJ - PMax (< $100 / Accessories) (PB)
6252,(NOT IN GMC FEED),Samsung Galaxy Watch5 | Watch5 Pro Sport Band 20MM,1.08,3.0,61.0,0.0,0.0,CJ - PMax (< $100 / Accessories) (PB)
4794,(NOT IN GMC FEED),Apple iPhone 14 Pro Max 5G (256GB) [Like New],1.08,1.0,159.0,0.0,0.0,CJ - PMax (Apple)|Phonebot (B) Standard Shopping
5577,(NOT IN GMC FEED),Samsung Galaxy A34 5G Dual Sim (128GB) [Grade A],1.05,4.0,319.0,0.0,0.0,CJ - PMax (Samsung)|Phonebot (B) Standard Shopping
8542,(NOT IN GMC FEED),Google Pixel 10 Pro XL 5G (256GB) [Like New],1.05,2.0,128.0,0.0,0.0,SS - All Products >$1000
5151,(NOT IN GMC FEED),Samsung Galaxy S23 Ultra 5G (512GB) [Like New],1.05,1.0,981.0,0.0,0.0,CJ - PMax (Samsung)|Phonebot (B) Standard Shopping
6563,(NOT IN GMC FEED),Samsung Galaxy S24 5G (128GB) [Grade A],1.04,2.0,40.0,0.0,0.0,CJ - PMax (Samsung)
6558,(NOT IN GMC FEED),Google Pixel 8a 5G (128GB) [Open Box],1.03,1.0,200.0,0.0,0.0,CJ - PMax (Google)
7663,(NOT IN GMC FEED),Otterbox Symmetry Series Case for Samsung Galaxy S,1.0,1.0,87.0,0.0,0.0,CJ - PMax (< $100 / Accessories) (PB)
7519,(NOT IN GMC FEED),Google Pixel 9 Pro XL 5G (128GB) [Like New],1.0,3.0,285.0,0.0,0.0,CJ - PMax (Google)
3184,out of stock,Apple iPad Air 3rd Gen (64GB) Wifi [Like New],0.65,2.0,822.0,0.0,0.0,CJ - PMax (Apple) iPad|Phonebot (B) Standard Shopping
2169,out of stock,Apple iPad 8th Gen (128GB) WiFi Cellular [Grade A],0.32,1.0,493.0,0.0,0.0,CJ - PMax (Apple) iPad|Phonebot (B) Standard Shopping
4240,out of stock,Samsung Galaxy S22 Plus 5G (256GB) [Grade A],0.11,1.0,194.0,0.0,0.0,CJ - PMax (Samsung)|Phonebot (B) Standard Shopping
3880,out of stock,Apple iPhone 13 Pro Max (512GB) [Like New],0.05,0.0,193.0,0.0,0.0,CJ - PMax (Apple)|Phonebot (B) Standard Shopping
4214,out of stock,Samsung Galaxy A53 5G Dual Sim (128GB) [Like New],0.01,0.0,324.0,0.0,0.0,CJ - PMax (Samsung)|Phonebot (B) Standard Shopping
3943,out of stock,Samsung Galaxy S21 FE 5G (128GB) [Like New],0.01,0.0,19.0,0.0,0.0,CJ - PMax (Samsung)|Phonebot (B) Standard Shopping
