Campaign name,OfferId,ProductTitle,Brand,Cost,Clicks,Impressions,Conversions,ConversionValue
CJ - PMax (Apple) iPad,1447,Apple iPad Pro 10.5-inch (64GB) WiFi [Grade A],apple,196.44,218,14780,5.1,1137.0
CJ - PMax (Apple) iPad,1425,Apple iPad Pro 10.5-inch (256GB) WiFi Cellular [Grade A],apple,181.548,243,18557,2.75,1716.9
SS - Excluded Products - >$100,7424,Apple iPhone 16 Pro 5G (256GB) [Like New],apple,150.06,76,7178,1.98,2684.21
CJ - PMax (Samsung),7377,Samsung Galaxy S24 FE 5G (128GB) [Grade A],samsung,139.8227,177,10147,1.74,961.48
SS - Excluded Products - >$100,7729,Motorola Razr 40 Ultra Dual Sim 5G (256GB) [Grade A],motorola,134.87,242,15686,0.0,0.0
CJ - PMax (Samsung),7183,Samsung Galaxy S24 FE 5G (128GB) [Open Box],samsung,114.9023,135,6300,2.7,1651.08
CJ - PMax (Apple) iPad,6301,Apple iPad Air 5th Gen (256GB) Wifi Cellular [Grade A],apple,114.78,151,9872,1.97,1288.14
CJ - PMax (Apple) iPad,880,Apple iPad Air 2 (128GB) WiFi [Grade A],apple,106.82,142,10344,3.13,527.99
CJ - PMax (Apple) iPad,5957,Apple iPad Mini 6 (64GB) WiFi Cellular [Grade A],apple,106.64,112,5826,1.0,469.0
CJ - PMax (Samsung),7031,Samsung Galaxy A55 5G Dual Sim (128GB) [Grade A],samsung,103.0715,132,9129,1.56,631.72
SS - All Products >$1000,6018,Apple iPhone 15 Pro 5G (1TB) [Grade A],apple,101.51,33,2291,1.0,1208.35
Standard Shopping - iPhone 17,8417,Apple iPhone 17 Pro Max 5G (256GB) [Open Box],apple,99.1,126,11238,0.0,0.0
SS - All Products >$1000,8541,Motorola Razr 60 Ultra 5G (512GB) [Like New],motorola,95.3,149,4434,1.0,1172.0
Standard Shopping - iPhone 17,8397,Apple iPhone 17 5G (256GB) [Open Box],apple,94.56,128,6909,0.0,0.0
CJ - PMax (Samsung),8469,Samsung Galaxy S25 FE 5G (256GB) [Like New],samsung,92.5936,131,7692,0.0,0.0
SS - All Products >$1000,8194,Apple iPhone 17 Pro Max 5G (256GB) [Brand New],apple,92.28,108,8991,0.0,0.0
CJ - PMax (Everything Else),7944,Motorola Razr 40 Ultra Dual Sim 5G (256GB) [Grade B],motorola,92.0654,277,15713,0.0,0.0
CJ - PMax (Samsung),5765,Samsung Galaxy A54 5G Dual Sim (128GB) [Grade A],samsung,85.8197,118,7932,3.05,884.32
SS - Excluded Products - >$100,6026,Apple iPhone 15 Pro Max 5G (256GB) [Grade B],apple,85.36,55,6671,0.0,0.0
CJ - PMax (Google),7070,Google Pixel 9 Pro XL 5G (256GB) [Like New],google,84.9437,58,5592,0.63,583.51
CJ - PMax (Apple) iPad,4204,Apple iPad Mini 6 (64GB) WiFi [Like New],apple,84.4541,96,5310,0.35,93.03
CJ - PMax (Apple) iPad,3258,Apple iPad Pro 12.9-inch 4th Gen (256GB) WiFi [Grade A],apple,82.75,71,5681,1.0,799.0
CJ - PMax (Google),6599,Google Pixel 8a 5G (128GB) [Like New],google,80.16,72,5036,3.74,1768.61
CJ - PMax (Google),8445,Google Pixel 9 Pro XL 5G (512GB) [Grade A],google,80.16,33,3040,1.61,2165.59
CJ - PMax (Everything Else),7247,OnePlus 12 5G (1TB) [Like New],oneplus,77.2983,122,11592,0.49,458.07
CJ - PMax (Apple) iPad,2088,Apple iPad Mini 5 (64GB) WiFi [Grade A],apple,76.33,66,4940,4.69,1937.58
CJ - PMax (Apple) iPad,1274,Apple iPad Mini 4 (128GB) WiFi Cellular [Grade A],apple,75.27,132,9258,4.01,887.35
CJ - PMax (Apple) iPad,3968,Apple iPad Pro 10.5-inch (256GB) WiFi [Grade B],apple,75.02,137,8783,0.0,0.0
CJ - PMax (Apple) iPad,3626,Apple iPad Air 4th Gen (256GB) WiFi [Grade A],apple,74.04,99,9495,1.0,19.0
SS - All Products >$1000,8256,Samsung Galaxy Z Fold6 5G (512GB) [Grade B],samsung,71.79,74,4618,1.0,1114.0
CJ - PMax (Samsung),4080,﻿Samsung Galaxy S22 5G (128GB) [Like New],samsung,71.5876,55,4589,1.78,636.27
CJ - PMax (Apple),4675,Apple iPhone 14 Pro 5G (128GB) [Grade A],apple,71.113,80,6991,0.22,127.91
CJ - PMax (Apple) iPad,8592,Apple iPad Mini A17 Pro Chip (128GB) Wifi Cellular [Grade A],apple,70.81,64,3839,0.17,106.49
SS - All Products >$1000,8396,Apple iPhone 17 5G (256GB) [Like New],apple,69.77,66,4789,0.0,0.0
PMax - Apple Watches,7042,Apple Watch Series 9 41mm GPS Cellular Stainless Steel Case [Grade A],apple,69.57,149,5888,0.0,0.0
SS - All Products >$1000,8427,Apple iPhone 17 5G (256GB) [Brand New],apple,68.89,168,9040,0.0,0.0
CJ - PMax (Apple),3614,Apple iPhone 13 Pro (256GB) [Grade A],apple,68.26,20,1266,1.13,681.84
CJ - PMax (Google),5959,Google Pixel 8 5G (128GB) [Grade A],google,67.37,51,3938,2.33,1010.68
CJ - PMax (Samsung),5212,Samsung Galaxy Z Fold 4 5G (1TB) [Grade A],samsung,66.86,57,3108,0.0,0.0
CJ - PMax (Apple) iPad,4172,Apple iPad Air 4th Gen (64GB) WiFi [Grade B],apple,64.7763,107,5747,1.0,399.0
CJ - PMax (Apple),7749,Apple iPhone 16e 5G (128GB) [Open Box],apple,64.41,64,5960,1.0,758.0
CJ - PMax (Samsung),6432,Samsung Galaxy Tab S9 Ultra Wifi (512GB) [Like New],samsung,63.894,103,4104,0.0,0.0
CJ - PMax (Samsung),5044,﻿Samsung Galaxy S22 5G (128GB) [Grade B],samsung,63.7345,61,3088,1.03,341.69
CJ - PMax (Apple) iPad,4718,Apple iPad 9th Gen (64GB) Wifi [Grade B],apple,63.68,35,5079,1.0,887.0
CJ - PMax (Apple) iPad,8559,Apple iPad Air 13-inch M2 Wifi (256GB) [Grade B],apple,63.5247,41,2767,0.0,0.0
CJ - PMax (Everything Else),8555,Honor Magic V2 5G Dual Sim (512GB) [Grade A],honor,63.18,120,5499,1.0,1081.0
CJ - PMax (Apple) iPad,1528,Apple iPad Air (16GB) WiFi [Grade B],apple,62.58,149,10168,3.0,310.0
CJ - PMax (Samsung),8290,Samsung Galaxy Z Flip7 FE 5G (128GB) [Like New],samsung,62.3997,89,6596,1.0,906.0
CJ - PMax (Samsung),5581,Samsung Galaxy A54 5G Dual Sim (128GB) [Like New],samsung,61.9078,79,4743,3.45,990.89
CJ - PMax (Samsung),6395,Samsung Galaxy S24 Plus 5G (256GB) [Like New],samsung,61.1487,46,4804,1.17,931.33
SS - All Products >$1000,8414,Apple iPhone Air (256GB) [Open Box],apple,60.82,80,6098,0.27,417.02
CJ - PMax (Apple) iPad,2494,Apple iPad Pro 10.5-inch (256GB) WiFi [Grade A],apple,60.72,84,4931,1.0,269.0
CJ - PMax (Apple) iPad,2762,Apple iPad Mini 5 (64GB) WiFi Cellular [Grade A],apple,60.09,56,4548,0.0,0.0
CJ - PMax (Apple),4548,Apple iPhone SE 5G 3rd Gen (64GB) [Like New],apple,59.1816,67,5166,1.0,259.0
CJ - PMax (Apple) iPad,8088,Apple iPad Mini A17 Pro Chip (128GB) Wifi [Like New],apple,58.7925,122,4181,0.17,106.49
CJ - PMax (Samsung),8460,Samsung Galaxy Tab S9 Ultra Wifi (256GB) [Grade A],samsung,57.45,89,3325,0.99,749.63
CJ - PMax (Samsung),6391,Samsung Galaxy S23 FE 5G (128GB) [Grade A],samsung,57.2302,28,3504,0.35,177.68
CJ - PMax (Apple) iPad,6356,Apple iPad Mini 6 (64GB) WiFi Cellular [Grade B],apple,57.0195,65,2841,1.0,2353.0
CJ - PMax (Samsung),5152,Samsung Galaxy S23 Ultra 5G (256GB) [Grade B],samsung,56.1157,51,3787,0.0,0.0
CJ - PMax (Apple),3711,Apple iPhone 13 Mini (128GB) [Grade A],apple,55.4507,58,4817,0.03,17.6
CJ - PMax (Samsung),6764,Samsung Galaxy S24 Ultra 5G (512GB) [Grade A],samsung,55.1833,30,3929,0.0,0.0
CJ - PMax (Apple),5840,Apple iPhone 14 5G (512GB) [Grade A],apple,55.1574,25,4385,0.07,36.42
CJ - PMax (Apple) iPad,1032,Apple iPad 5th Gen (128GB) WiFi Cellular [Grade A],apple,55.0676,62,6461,2.15,453.26
CJ - PMax (Apple) iPad,3195,Apple iPad Pro 12.9-inch 4th Gen (512GB) WiFi Cellular [Grade A],apple,53.95,50,4804,0.29,164.37
CJ - PMax (Google),4854,Google Pixel 7 Pro 5G (256GB) [Like New],google,53.77,32,2903,1.63,780.39
CJ - PMax (Samsung),3578,Samsung Galaxy Z Fold 3 5G (256GB) [Grade A],samsung,53.44,42,3395,0.6,347.4
CJ - PMax (Apple) iPad,5146,Apple iPad Mini 6 (256GB) WiFi Cellular [Grade B],apple,53.13,64,3001,0.96,458.92
SS - All Products >$1000,6764,Samsung Galaxy S24 Ultra 5G (512GB) [Grade A],samsung,53.08,50,3305,0.65,652.06
CJ - PMax (Samsung),8307,Samsung Galaxy Watch 8 Classic 46mm Bluetooth [Like New],samsung,52.9123,83,2805,1.8,1216.46
PMax - Apple Watches,4658,Apple Watch Series 7 41mm GPS Cellular Aluminium Case [Grade A],apple,52.58,86,6657,3.47,863.8
CJ - PMax (Apple) iPad,3582,Apple iPad Pro 12.9-inch 2nd Gen (256GB) WiFi [Grade B],apple,51.37,65,5131,0.0,0.0
CJ - PMax (Apple) iPad,4717,Apple iPad 9th Gen (256GB) Wifi [Grade B],apple,50.3443,31,3051,0.0,0.0
SS - All Products >$1000,6639,Samsung Galaxy S24 Ultra 5G (512GB) [Like New],samsung,50.04,37,2299,1.33,1328.1
PMax - Apple Watches,6373,Apple Watch Ultra 2 49mm Titanium Case GPS Cellular [Like New],apple,49.54,84,4463,0.0,0.0
SS - All Products >$1000,8590,Samsung Galaxy Z Fold6 5G (1TB) [Grade B],samsung,49.42,43,2385,1.0,1107.0
CJ - PMax (Samsung),8306,Samsung Galaxy Watch 8 Classic 46mm Cellular [Like New],samsung,48.6749,67,2745,0.0,0.0
CJ - PMax (Samsung),8016,Samsung Galaxy Watch Ultra Cellular 47mm [Grade A],samsung,48.6491,86,2679,0.0,0.0
CJ - PMax (Samsung),7939,Samsung Galaxy S24 Plus 5G (256GB) [Grade B],samsung,48.4408,34,2443,0.47,327.88
CJ - PMax (Everything Else),5841,Motorola Moto Razr 40 Ultra 5G (256GB) [Like New],motorola,47.9349,107,6248,0.0,0.0
SS - All Products >$1000,8587,Samsung Galaxy S26 Ultra 5G (512GB) [Open Box],samsung,47.88,26,1970,0.0,0.0
CJ - PMax (Google),5956,Google Pixel 8 Pro 5G (128GB) [Grade A],google,47.5,31,1990,0.67,65.34
CJ - PMax (Apple) iPad,960,Apple iPad Air 2 (128GB) WiFi Cellular [Grade A],apple,47.1,57,4441,2.0,416.0
CJ - PMax (Everything Else),8539,Oppo Find X3 Pro 5G (256GB) [Brand New],oppo,46.9706,175,12589,1.0,419.0
CJ - PMax (Apple),4931,Apple iPhone 14 Pro Max 5G (128GB) [Grade A],apple,46.702,24,3339,1.06,1513.98
CJ - PMax (Everything Else),7729,Motorola Razr 40 Ultra Dual Sim 5G (256GB) [Grade A],motorola,45.2253,108,6847,0.0,0.0
CJ - PMax (Apple) iPad,3926,Apple iPad 9th Gen (64GB) Wifi [Grade A],apple,45.2252,31,3698,0.0,0.0
CJ - PMax (Samsung),5795,Samsung Galaxy Z Fold5 5G (256GB) [Like New],samsung,44.7428,39,4263,0.0,0.0
CJ - PMax (Google),7071,Google Pixel 9 Pro XL 5G (128GB) [Grade A],google,44.59,44,3262,0.0,0.0
SS - Excluded Products - >$100,4576,Apple iPhone 14 Pro 5G (256GB) [Like New],apple,44.39,75,3857,0.5,642.0
CJ - PMax (Apple) iPad,5623,Apple iPad Air 5th Gen (64GB) Wifi [Grade A],apple,43.82,53,2872,1.0,527.0
CJ - PMax (Apple) iPad,4528,Apple iPad 9th Gen (256GB) Wifi Cellular [Grade A],apple,43.45,18,2082,1.75,864.6
Phonebot (B) Standard Shopping,6009,Apple iPhone 15 5G (128GB) [Grade A],apple,43.07,14,1284,1.62,1491.1
CJ - PMax (Apple) iPad,3513,Apple iPad Air 4th Gen (64GB) WiFi [Grade A],apple,42.1528,43,2066,0.0,0.0
SS - All Products >$1000,6052,Apple iPhone 15 Pro 5G (512GB) [Grade A],apple,41.36,16,1070,0.0,0.0
CJ - PMax (Google),6623,Google Pixel 8a 5G (128GB) [Grade A],google,41.09,34,2612,0.0,0.0
CJ - PMax (Apple),6009,Apple iPhone 15 5G (128GB) [Grade A],apple,41.0645,28,5019,0.0,0.0
CJ - PMax (Apple),7203,Apple iPhone 16 5G (128GB) [Like New],apple,41.0631,18,2077,0.0,0.0
CJ - PMax (Samsung),8047,Samsung Galaxy Tab S9 Ultra Wifi (1TB) [Grade A],samsung,40.97,62,3611,0.5,495.16
CJ - PMax (Everything Else),8565,OnePlus 10 Pro 5G NE2213 Global Ver (128GB) [Like New],oneplus,40.4959,73,4594,0.0,0.0
CJ - PMax (Samsung),5766,Samsung Galaxy A54 5G Dual Sim (128GB) [Grade B],samsung,40.2936,68,5074,1.5,498.5
CJ - PMax (Apple),3835,Apple iPhone 13 Pro (1TB) [Like New],apple,40.2597,18,1527,0.0,0.0
CJ - PMax (Apple) iPad,1114,Apple iPad Air 2 (64GB) WiFi [Grade A],apple,39.69,54,6494,4.98,2398.86
CJ - PMax (Apple) iPad,2333,Apple iPad Pro 11-inch 2nd Gen (128GB) WiFi [Grade A],apple,39.41,62,3482,1.0,1349.0
CJ - PMax (Apple),6011,Apple iPhone 15 5G (128GB) [Like New],apple,39.36,21,2303,1.0,879.0
CJ - PMax (Samsung),6973,Samsung Galaxy S24 Ultra 5G (256GB) [Grade B],samsung,38.6667,41,4584,0.0,0.0
CJ - PMax (Samsung),7961,Samsung Galaxy A25 5G (128GB) [Grade A],samsung,38.38,60,2445,0.03,7.35
CJ - PMax (Everything Else),4778,Nothing Phone 1 5G Dual Sim (256GB) [Like New],nothing,38.2926,84,9708,0.0,0.0
CJ - PMax (Samsung),7035,Samsung Galaxy Z Flip6 5G (512GB) [Grade A],samsung,37.77,21,1350,0.0,0.0
CJ - PMax (Samsung),4359,Samsung Galaxy S22 Ultra 5G (512GB) [Like New],samsung,37.7555,20,2116,0.0,0.0
CJ - PMax (Google),7200,Google Pixel Watch 3 45mm LTE [Like New],google,37.7428,69,2733,1.98,331.44
SS - All Products >$1000,8417,Apple iPhone 17 Pro Max 5G (256GB) [Open Box],apple,37.59,22,2196,1.0,2174.0
CJ - PMax (Apple) iPad,2713,Apple iPad 8th Gen (32GB) WiFi [Grade A],apple,37.57,25,3114,0.61,377.45
CJ - PMax (Apple) iPad,5303,Apple iPad Pro 11-inch 3rd Gen M1 (128GB) WiFi [Grade A],apple,37.44,56,2199,0.0,0.0
CJ - PMax (Apple) iPad,2461,Apple iPad Pro 12.9-inch 4th Gen (128GB) WiFi Cellular [Like New],apple,37.321,37,2562,0.0,0.0
SS - All Products >$1000,8381,Apple iPhone 16 Pro 5G (512GB) [Grade A],apple,36.58,22,1513,0.45,464.5
CJ - PMax (Apple),3761,Apple iPhone 13 (512GB) [Like New],apple,36.3213,25,3093,0.0,0.0
CJ - PMax (Apple),6016,Apple iPhone 15 Pro 5G (256GB) [Grade A],apple,36.25,19,2161,0.14,141.85
CJ - PMax (Apple) iPad,858,Apple iPad 6th Gen (128GB) Wifi Cellular [Like New],apple,36.22,29,3091,0.0,0.0
CJ - PMax (Apple) iPad,4996,Apple iPad 9th Gen (256GB) Wifi Cellular [Like New],apple,36.21,8,811,0.0,0.0
SS - All Products >$1000,7626,Apple iPhone 16 Pro Max 5G (1TB) [Grade A],apple,35.54,17,1050,0.0,0.0
PMax - Apple Watches,7075,Apple Watch Hermès Series 9 45mm GPS Cellular Stainless Steel Case [Grade A],apple,35.26,44,1623,0.0,0.0
CJ - PMax (Samsung),8415,Samsung Galaxy Tab S10 FE Plus 5G (128GB) [Open Box],samsung,35.1477,74,3772,0.0,0.0
CJ - PMax (Apple) iPad,5243,Apple iPad 10th Gen (64GB) Wifi Cellular [Grade A],apple,34.88,16,2702,1.0,469.0
CJ - PMax (Apple),4171,Apple iPhone SE 5G 3rd Gen (64GB) [Grade A],apple,34.7661,31,2322,1.0,259.0
CJ - PMax (Samsung),6393,Samsung Galaxy S24 5G (256GB) [Like New],samsung,34.5923,25,3070,0.0,0.0
CJ - PMax (Samsung),4874,Samsung Galaxy S22 Ultra 5G (256GB) [Grade B],samsung,34.57,25,1671,1.0,587.0
CJ - PMax (Apple) iPad,2386,Apple iPad Pro 12.9-inch 2nd Gen (256GB) WiFi Cellular [Grade B],apple,34.08,38,3373,0.0,0.0
CJ - PMax (Samsung),7033,Samsung Galaxy Z Flip6 5G (256GB) [Open Box],samsung,33.8017,34,4752,0.19,191.8
SS - All Products >$1000,7511,Apple iPhone 16 Pro 5G (128GB) [Grade A],apple,32.96,27,3699,1.0,1181.7
CJ - PMax (Google),6304,Google Pixel 8 Pro 5G (512GB) [Grade A],google,32.83,19,2036,0.33,198.0
SS - All Products >$1000,8604,Apple iPhone Air (512GB) [Brand New],apple,32.63,42,1840,0.27,417.02
CJ - PMax (Samsung),6142,Samsung Galaxy Z Fold5 5G (512GB) [Grade A],samsung,32.56,19,1465,0.65,534.38
CJ - PMax (Apple),6656,Apple iPhone 15 Plus 5G (128GB) [Grade B],apple,32.32,30,3275,0.0,0.0
CJ - PMax (Apple) iPad,5257,Apple iPad 9th Gen (256GB) Wifi [Grade A],apple,32.21,22,2918,0.0,0.0
CJ - PMax (Samsung),5622,Samsung Galaxy S23 Plus 5G (512GB) [Like New],samsung,32.1235,20,2485,0.0,0.0
CJ - PMax (Apple) iPad,4053,Apple iPad 5th Gen (128GB) WiFi [Like New],apple,32.1,18,1687,0.99,186.55
CJ - PMax (Everything Else),5049,Oppo Reno8 Pro 5G (256GB) [Grade B],oppo,31.1592,50,5399,0.0,0.0
CJ - PMax (Apple) iPad,708,Apple iPad Air 2 (64GB) WiFi Cellular [Grade A],apple,30.52,30,2565,1.0,149.0
CJ - PMax (Apple) iPad,5265,Apple iPad 10th Gen (64GB) Wifi Cellular [Like New],apple,30.4554,26,2927,0.0,0.0
CJ - PMax (Apple) iPad,3786,Apple iPad Pro 11-inch 2nd Gen (512GB) WiFi Cellular [Grade A],apple,30.1997,27,3893,0.0,0.0
CJ - PMax (Google),8598,Google Pixel 10a 5G (128GB) [Open Box],google,30.07,53,1567,0.0,0.0
PMax - Apple Watches,7193,Apple Watch SE 2022 44mm GPS Cellular [Grade B],apple,29.97,41,2066,0.0,0.0
SS - All Products >$1000,8197,Apple iPhone 16 Pro Max 5G (1TB) [Grade B],apple,29.84,19,997,0.01,8.66
SS - All Products >$1000,8600,Google Pixel 10 Pro Fold 5G (256GB) [Grade A],google,29.69,23,1479,0.0,0.0
Standard Shopping - iPhone 17,8396,Apple iPhone 17 5G (256GB) [Like New],apple,29.58,37,3304,0.0,0.0
PMax - Apple Watches,8581,Apple Watch Series 11 42mm GPS Aluminium Case [Grade A],apple,29.52,86,3401,0.0,0.0
CJ - PMax (Apple),4751,Apple iPhone 13 Pro (1TB) [Grade A],apple,29.3708,18,1455,0.0,0.0
CJ - PMax (Samsung),6569,Samsung Galaxy S24 5G (256GB) [Grade A],samsung,28.6916,32,2750,0.0,0.0
SS - All Products >$1000,7569,Apple iPhone 16 Pro Max 5G (256GB) [Grade A],apple,28.42,31,2974,0.05,57.01
CJ - PMax (Samsung),8563,Samsung Galaxy Watch Ultra Cellular 47mm [Open Box],samsung,28.0659,33,1656,0.0,0.0
CJ - PMax (Samsung),6352,Samsung Galaxy S24 5G (512GB) [Like New],samsung,27.96,16,2573,0.0,0.0
CJ - PMax (Everything Else),8271,Motorola Razr 50S 5G (256GB) [Like New],motorola,27.93,29,3262,1.0,664.0
CJ - PMax (Everything Else),3599,Oppo Find X3 Pro 5G (256GB) [Open Box],oppo,27.81,42,3819,1.56,604.98
CJ - PMax (Google),8614,Google Pixel 8 5G (128GB) [Brand New],google,27.5769,24,2638,0.0,0.0
CJ - PMax (Samsung),4081,﻿Samsung Galaxy S22 5G (128GB) [Grade A],samsung,27.41,20,1277,0.0,0.0
CJ - PMax (Apple),5763,Apple iPhone SE 5G 3rd Gen (256GB) [Grade A],apple,27.2541,34,1423,1.0,349.0
SS - All Products >$1000,7207,Apple iPhone 16 5G (256GB) [Grade A],apple,26.04,13,1503,0.0,0.0
SS - All Products >$1000,8589,Samsung Galaxy Z Flip7 5G (512GB) [Grade A],samsung,25.98,33,1973,0.0,0.0
CJ - PMax (Apple) iPad,3539,Apple iPad Mini 5 (64GB) WiFi [Grade B],apple,25.93,29,1102,2.02,483.57
CJ - PMax (Apple),2146,Apple iPhone 12 5G (128GB) [Grade A],apple,25.7659,12,1246,0.0,0.0
CJ - PMax (Apple) iPad,4743,Apple iPad Air 5th Gen (64GB) Wifi Cellular [Grade A],apple,25.73,20,2254,0.0,0.0
SS - All Products >$1000,8326,Apple iPad Pro 13-inch M5 (512GB) Wifi Cellular [Open Box],apple,25.71,28,2565,0.0,0.0
SS - All Products >$1000,8633,Apple Mac Mini M4 Chip 2024 (24GB 512GB) [Like New],apple,25.62,20,455,2.0,1406.0
CJ - PMax (Samsung),8639,Samsung Galaxy A26 5G Dual Sim (128GB) [Grade A],samsung,25.565,38,2519,0.0,0.0
PMax - Apple Watches,6602,Apple Watch Series 7 41mm GPS Cellular Stainless Steel Case [Grade B],apple,25.56,30,1733,0.5,114.5
CJ - PMax (Samsung),5633,Samsung Galaxy Z Flip 5 5G (512GB) [Like New],samsung,25.51,20,1389,1.0,617.0
CJ - PMax (Google),8435,Google Pixel 9a 5G (256GB) [Like new],google,25.39,24,1591,0.0,0.0
CJ - PMax (Apple) iPad,4524,Apple iPad Air 5th Gen (64GB) Wifi Cellular [Like New],apple,25.3212,15,1296,0.0,0.0
CJ - PMax (Apple) iPad,3658,Apple iPad Air 4th Gen (256GB) Wifi Cellular [Grade A],apple,25.29,18,1211,0.43,225.38
CJ - PMax (Apple) iPad,3892,Apple iPad Air 2 (64GB) WiFi [Grade B],apple,25.25,45,3127,0.0,0.0
CJ - PMax (Apple),5590,Apple iPhone 14 Pro 5G (128GB) [Grade B],apple,24.62,49,3351,0.0,0.0
CJ - PMax (Apple) iPad,7717,Apple iPad Air 11-inch M2 Wifi (256GB) [Like New],apple,24.62,16,1233,1.0,857.0
CJ - PMax (Apple) iPad,4425,Apple iPad Mini 6 (256GB) WiFi [Like New],apple,24.59,28,1480,1.17,665.49
PMax - Apple Watches,6517,Apple Watch SE 2022 40mm GPS [Grade A],apple,24.16,33,1240,1.57,402.55
CJ - PMax (Samsung),8583,Samsung Galaxy A36 5G (128GB) [Open Box],samsung,23.9818,42,2905,1.01,400.67
CJ - PMax (Samsung),4213,Samsung Galaxy A53 5G Dual Sim (128GB) [Grade A],samsung,23.813,39,5024,0.0,0.0
CJ - PMax (Apple),3713,Apple iPhone 13 Pro Max (128GB) [Grade A],apple,23.712,16,1625,0.79,486.9
SS - All Products >$1000,6913,Samsung Galaxy S24 Ultra 5G (1TB) [Grade A],samsung,23.63,17,1099,0.0,0.0
CJ - PMax (Apple),4576,Apple iPhone 14 Pro 5G (256GB) [Like New],apple,23.57,11,920,0.54,304.07
CJ - PMax (Apple) iPad,3544,Apple iPad 9th Gen (64GB) Wifi Cellular [Like New],apple,23.29,4,643,0.0,0.0
CJ - PMax (Apple) iPad,2668,Apple iPad 6th Gen (128GB) Wifi Cellular [Grade A],apple,22.9412,19,1606,1.0,199.0
CJ - PMax (Apple),4078,Apple iPhone 13 Mini (256GB) [Grade A],apple,22.8528,12,2013,2.0,961.0
CJ - PMax (Apple) iPad,4651,Apple iPad Mini 6 (256GB) WiFi Cellular [Like New],apple,22.64,20,1354,0.0,0.0
CJ - PMax (Google),5955,Google Pixel 8 Pro 5G (256GB) [Grade A],google,22.62,12,570,1.67,1015.02
CJ - PMax (Google),5940,Google Pixel 8 5G (128GB) [Like New],google,22.55,15,1952,0.0,0.0
PMax - Apple Watches,6685,Apple Watch Series 9 41mm GPS Cellular Aluminium Case [Grade A],apple,22.23,22,3436,1.0,359.0
CJ - PMax (Samsung),5149,Samsung Galaxy S23 Ultra 5G (256GB) [Grade A],samsung,22.1681,22,3053,0.0,0.0
CJ - PMax (Samsung),6003,Samsung Galaxy Z Flip 5 5G (256GB) [Like New],samsung,22.11,15,1532,0.0,0.0
CJ - PMax (Apple) iPad,5784,Apple iPad Air 5th Gen (256GB) Wifi [Grade A],apple,21.94,26,1528,0.0,0.0
CJ - PMax (Apple),2152,Apple iPhone 12 5G (256GB) [Like New],apple,21.76,15,1793,0.0,0.0
CJ - PMax (Samsung),7738,Samsung Galaxy S25 5G (256GB) [Grade A],samsung,21.6743,21,2105,1.0,839.0
PMax - Apple Watches,2232,Apple Watch Series 6 40mm GPS + Cellular Aluminium Case [Grade A],apple,21.57,38,2364,0.67,166.0
CJ - PMax (Samsung),6859,Samsung Galaxy S24 Plus 5G (512GB) [Grade A],samsung,21.4844,26,1938,0.0,0.0
SS - All Products >$1000,7968,Apple iPhone 16 Pro Max 5G (1TB) [Like New],apple,21.13,8,219,0.0,0.0
CJ - PMax (Apple),4809,Apple iPhone 14 Plus 5G (256GB) [Grade A],apple,21.0592,13,1449,1.0,619.0
CJ - PMax (Samsung),4924,Samsung Galaxy Z Fold 4 5G (256GB) [Like New],samsung,21.02,18,1005,0.73,498.79
CJ - PMax (Everything Else),8612,SPACETALK Adventurer 2 Kids 4G Smartwatch [Open Box],spacetalk,20.98,46,1284,0.0,0.0
CJ - PMax (Samsung),5163,Samsung Galaxy S23 Ultra 5G (1TB) [Like New],samsung,20.89,15,1267,1.0,879.0
CJ - PMax (Apple) iPad,2303,Apple iPad Mini 5 (64GB) WiFi Cellular [Like New],apple,20.77,23,2513,0.0,0.0
SS - All Products >$1000,7779,Samsung Galaxy S25 Plus 5G (512GB) [Like New],samsung,20.71,22,776,1.0,1087.0
CJ - PMax (Apple),4867,Apple iPhone 14 5G (128GB) [Grade A],apple,20.64,12,2295,0.0,0.0
SS - All Products >$1000,8231,Honor Magic V3 5G Dual Sim (512GB) [Grade A],honor,20.64,29,972,0.0,0.0
CJ - PMax (Google),7049,Google Pixel 8a 5G (256GB) [Like New],google,20.61,8,227,1.99,950.57
CJ - PMax (Samsung),4995,﻿Samsung Galaxy S22 5G (256GB) [Grade B],samsung,20.5808,22,1191,0.0,0.0
PMax - Apple Watches,6684,Apple Watch Ultra 2 49mm Titanium Case GPS Cellular [Grade A],apple,20.53,42,2356,1.0,729.0
CJ - PMax (Apple),6392,Apple iPhone 15 5G (512GB) [Like New],apple,20.3705,10,963,0.0,0.0
CJ - PMax (Samsung),6601,Samsung Galaxy A55 5G Dual Sim (128GB) [Like New],samsung,20.3541,37,2694,0.0,0.0
CJ - PMax (Everything Else),8588,Nokia XR21 5G (128GB) [Grade B],nokia,20.22,38,2759,1.0,29.0
CJ - PMax (Apple),5790,Apple iPhone 14 Pro 5G (1TB) [Like New],apple,20.2059,11,1457,0.0,0.0
CJ - PMax (Apple) iPad,958,Apple iPad 6th Gen (32GB) WiFi [Grade A],apple,20.18,12,2399,1.0,724.0
CJ - PMax (Samsung),2702,Samsung Galaxy Note 20 Ultra (256GB) [Grade A],samsung,20.1171,20,1440,0.0,0.0
CJ - PMax (Everything Else),8389,OnePlus 12 5G Dual Sim CPH2581 Global Ver (512GB) [Like New],oneplus,20.05,28,2101,0.49,456.08
CJ - PMax (Apple) iPad,673,Apple iPad Air (16GB) WiFi Cellular [Grade A],apple,19.98,34,4016,0.0,0.0
CJ - PMax (Apple) iPad,2323,Apple iPad 6th Gen (32GB) WiFi [Grade B],apple,19.77,21,2213,0.0,0.0
CJ - PMax (Apple),5805,Apple iPhone 14 Pro 5G (1TB) [Grade A],apple,19.67,5,339,0.0,0.0
PMax - Apple Watches,8283,Apple Watch Series 10 42mm GPS Cellular Aluminium Case [Like New],apple,19.63,22,965,0.0,0.0
CJ - PMax (Apple) iPad,2177,Apple iPad Pro 11-inch 1st Gen (256GB) WiFi [Grade B],apple,19.59,47,5168,0.0,0.0
CJ - PMax (Samsung),6085,Samsung Galaxy Z Flip 5 5G (512GB) [Grade B],samsung,19.5126,15,1148,0.0,0.0
CJ - PMax (Samsung),8635,Samsung Galaxy A36 5G (128GB) [Like New],samsung,19.39,38,1892,0.0,0.0
PMax - Apple Watches,4555,Apple Watch Series 7 45mm GPS Aluminium Case [Grade A],apple,19.29,27,2529,0.0,0.0
CJ - PMax (Samsung),5159,Samsung Galaxy S23 Ultra 5G (512GB) [Grade A],samsung,19.0478,14,1370,0.0,0.0
CJ - PMax (< $100 / Accessories) (PB),7634,Samsung Galaxy S23 Smart View Wallet Cover,samsung,19.03,43,1078,2.98,86.56
SS - All Products >$1000,8078,Samsung Galaxy Z Fold6 5G (512GB) [Like New],samsung,18.82,24,1739,0.0,0.0
CJ - PMax (Google),8495,Google Pixel 9 Pro 5G | DeGoogled Graphene OS Secure (128GB) [Grade B],google,18.72,13,2402,0.0,0.0
CJ - PMax (Apple) iPad,6202,Apple iPad 10th Gen (64GB) Wifi [Like New],apple,18.7,16,1213,0.0,0.0
CJ - PMax (Apple),2329,Apple iPhone 12 Mini 5G (64GB) [Like New],apple,18.4584,18,3515,0.0,0.0
CJ - PMax (Apple) iPad,6959,Apple iPad Pro 11-inch 1st Gen (1TB) WiFi Cellular [Grade B],apple,18.4268,13,768,0.0,0.0
SS - All Products >$1000,8311,Google Pixel 10 Pro Fold 5G (256GB) [Brand New],google,18.35,25,2137,0.0,0.0
CJ - PMax (Samsung),4512,Samsung Galaxy S22 Ultra 5G (512GB) [Grade A],samsung,18.3486,15,1302,0.0,0.0
CJ - PMax (Apple) iPad,6203,Apple iPad 10th Gen (256GB) Wifi [Like New],apple,18.26,11,576,0.0,0.0
CJ - PMax (Apple),5791,Apple iPhone 14 Plus 5G (512GB) [Grade A],apple,18.2569,8,974,0.0,0.0
CJ - PMax (Apple) iPad,5834,Apple iPad Pro 11-inch 4th Gen M2 (128GB) Wifi [Like New],apple,18.15,15,699,0.0,0.0
CJ - PMax (Everything Else),8393,OnePlus 9 Pro 5G Dual Sim LE2123 Global Ver (128GB) [Grade B],oneplus,18.1484,58,6087,0.0,0.0
SS - All Products >$1000,8397,Apple iPhone 17 5G (256GB) [Open Box],apple,18.12,31,2743,0.0,0.0
CJ - PMax (Everything Else),8353,Oppo Find X5 Pro 5G - Chinese Version (256GB) [Like New],oppo,18.1193,20,3695,0.0,0.0
CJ - PMax (Apple),5323,Apple iPhone 14 Pro Max 5G (1TB) [Grade A],apple,18.082,7,378,0.0,0.0
CJ - PMax (Apple),4673,Apple iPhone 14 Pro 5G (256GB) [Grade A],apple,18.06,10,1712,1.0,779.0
SS - All Products >$1000,8638,Google Pixel 10 Pro 5G (1TB) [Like New],google,18.01,17,1193,1.0,1329.0
CJ - PMax (Apple) iPad,3327,Apple iPad Air 4th Gen (64GB) Wifi Cellular [Grade A],apple,17.8406,9,2064,0.0,0.0
PMax - Apple Watches,8585,Apple Watch Series 10 46mm GPS Cellular Aluminium Case [Grade A],apple,17.61,26,1408,0.0,0.0
CJ - PMax (Apple) iPad,1271,Apple iPad Mini 4 (64GB) WiFi [Grade A],apple,17.16,27,1812,0.0,0.0
PMax - Apple Watches,8586,Apple Watch Series 10 Edition Titanium 42mm GPS Cellular [Grade B],apple,17.1,37,1662,0.0,0.0
CJ - PMax (Apple),2155,Apple iPhone 12 Pro 5G (128GB) [Like New],apple,16.8,7,1089,0.0,0.0
CJ - PMax (Apple) iPad,1116,Apple iPad 5th Gen (32GB) WiFi Cellular [Grade A],apple,16.62,24,3076,0.01,2.45
CJ - PMax (Everything Else),8607,Lenovo Idea Tab 11-inch (128GB) Wifi [Open Box],lenovo,16.35,28,2040,0.0,0.0
PMax - Apple Watches,2351,Apple Watch Series 5 GPS 44mm Aluminum Case [Grade A],apple,16.34,49,3724,0.0,0.0
SS - All Products >$1000,8615,Apple iPhone 16 5G (512GB) [Grade A],apple,16.34,18,827,0.0,0.0
CJ - PMax (Apple) iPad,3927,Apple iPad Mini 6 (256GB) WiFi Cellular [Grade A],apple,16.33,18,909,0.17,106.49
CJ - PMax (Apple),3612,Apple iPhone 13 5G (128GB) [Grade A],apple,16.2826,16,1812,0.0,0.0
CJ - PMax (Everything Else),8463,Xiaomi 13 Ultra 5G - Chinese Version (1TB) [Open Box],xiaomi,16.2511,31,2837,0.0,0.0
PMax - Apple Watches,7043,Apple Watch Series 9 45mm GPS Cellular Stainless Steel Case [Grade A],apple,16.21,13,628,0.0,0.0
CJ - PMax (Samsung),8302,Samsung Galaxy Watch 8 40mm Bluetooth [Like New],samsung,16.1161,31,1784,0.0,0.0
SS - All Products >$1000,8519,Google Pixel 9 Pro XL 5G | DeGoogled Graphene OS Secure (256GB) [Grade B],google,15.91,2,125,0.0,0.0
CJ - PMax (Apple) iPad,5954,Apple iPad 10th Gen (256GB) Wifi Cellular [Grade A],apple,15.87,17,1094,0.0,0.0
PMax - Apple Watches,8504,Apple Watch Series 10 42mm GPS Cellular Aluminium Case [Grade A],apple,15.81,24,1253,0.0,0.0
SS - All Products >$1000,8618,Samsung Galaxy S25 Ultra 5G (1TB) [Grade A],samsung,15.75,11,1075,0.0,0.0
SS - All Products >$1000,8361,Apple iPhone 17 Pro 5G (256GB) [Open Box],apple,15.74,12,1370,0.0,0.0
CJ - PMax (Apple),8601,Apple iPhone 16e 5G (128GB) [Grade B],apple,15.64,20,973,0.0,0.0
CJ - PMax (Apple) iPad,873,Apple iPad Air (16GB) WiFi [Grade A],apple,15.57,29,1712,0.0,0.0
CJ - PMax (Apple) iPad,1098,Apple iPad Pro 10.5-inch (64GB) Wifi Cellular [Grade A],apple,15.4,11,1520,0.0,0.0
SS - All Products >$1000,7970,Apple iPhone 16 Pro Max 5G (512GB) [Like New],apple,15.34,7,373,0.0,0.0
CJ - PMax (Apple),6008,Apple iPhone 15 Plus 5G (256GB) [Grade A],apple,15.33,8,987,0.0,0.0
CJ - PMax (Samsung),8289,Samsung Galaxy Z Flip7 FE 5G (256GB) [Like New],samsung,15.3,18,852,1.5,1191.0
CJ - PMax (Samsung),5437,Samsung Galaxy S23 5G (128GB) [Grade A],samsung,15.29,10,198,0.0,0.0
CJ - PMax (Everything Else),8299,Lenovo Tab M9 LTE (64GB) [Grade A],lenovo,15.1571,34,3220,0.0,0.0
CJ - PMax (< $100 / Accessories) (PB),6198,Otterbox Symmetry Case for Samsung Galaxy S22,otterbox,14.89,30,519,1.0,29.0
CJ - PMax (Apple) iPad,2759,Apple iPad 7th Gen (128GB) WiFi [Grade A],apple,14.74,25,2472,0.0,0.0
PMax - Apple Watches,6300,Apple Watch SE 2022 44mm GPS [Grade A],apple,14.74,23,2176,1.0,234.0
CJ - PMax (Apple) iPad,4385,Apple iPad 9th Gen (64GB) Wifi [Like New],apple,14.64,5,797,0.0,0.0
CJ - PMax (Samsung),8022,Samsung Galaxy Watch 7 Bluetooth 40mm [Like New],samsung,14.64,24,1463,0.63,213.5
CJ - PMax (Samsung),8617,Samsung Galaxy S25 Edge 5G (256GB) [Grade A],samsung,14.5803,24,1143,0.0,0.0
CJ - PMax (Apple) iPad,4645,Apple iPad Pro 11-inch 1st Gen (512GB) WiFi Cellular [Grade B],apple,14.5388,12,1524,0.0,0.0
CJ - PMax (Google),8408,Google Pixel 9 Pro XL 5G (256GB) [Grade B],google,14.49,11,581,0.0,0.0
CJ - PMax (< $100 / Accessories) (PB),7678,Samsung Galaxy S24 Smart View Wallet Cover,samsung,14.44,29,943,3.5,101.5
CJ - PMax (Samsung),4079,Samsung Galaxy S22 Ultra 5G (256GB) [Grade A],samsung,14.221,6,491,1.0,599.0
CJ - PMax (Everything Else),8015,Oppo Reno10 Pro 5G Chinese Version (256GB) [Like New],oppo,14.033,10,2793,0.0,0.0
Phonebot (B) Standard Shopping,5149,Samsung Galaxy S23 Ultra 5G (256GB) [Grade A],samsung,14.01,3,273,0.0,0.0
PMax - Apple Watches,7407,Apple Watch Series 9 41mm GPS Aluminium Case [Grade B],apple,13.93,22,1149,0.0,0.0
CJ - PMax (Apple),4466,Apple iPhone SE 5G 3rd Gen (128GB) [Like New],apple,13.9217,15,1682,0.0,0.0
SS - All Products >$1000,5226,Apple iPhone 14 Pro Max 5G (1TB) [Like New],apple,13.91,11,476,0.0,0.0
CJ - PMax (Apple) iPad,2186,Apple iPad Pro 12.9-inch 3rd Gen (256GB) WiFi Cellular [Grade A],apple,13.69,9,593,0.0,0.0
CJ - PMax (Samsung),7873,Samsung Galaxy A56 5G Dual Sim (256GB) [Like New],samsung,13.68,16,1082,1.5,756.5
CJ - PMax (Samsung),7869,Samsung Galaxy Tab A9 Plus 5G (64GB) [Grade A],samsung,13.59,21,1044,0.0,0.0
Phonebot (B) Standard Shopping,3761,Apple iPhone 13 (512GB) [Like New],apple,13.57,4,518,0.0,0.0
CJ - PMax (Google),7957,Google Pixel 9a 5G (128GB) [Like New],google,13.51,25,2642,0.0,0.0
CJ - PMax (Samsung),7423,Samsung Galaxy A25 5G (128GB) [Like New],samsung,13.2239,30,2118,1.96,546.93
CJ - PMax (Apple) iPad,3221,Apple iPad Pro 12.9-inch 2nd Gen (512GB) WiFi Cellular [Grade A],apple,13.21,3,218,0.0,0.0
CJ - PMax (Apple) iPad,2711,Apple iPad 6th Gen (128GB) WiFi [Grade A],apple,13.08,18,1914,2.0,543.0
CJ - PMax (Samsung),6344,Samsung Galaxy S24 Plus 5G (512GB) [Like New],samsung,13.0778,10,958,0.0,0.0
CJ - PMax (Apple),4630,Apple iPhone SE 5G 3rd Gen (128GB) [Grade A],apple,13.04,18,1366,2.0,624.0
Phonebot (B) Standard Shopping,6656,Apple iPhone 15 Plus 5G (128GB) [Grade B],apple,12.84,5,749,0.0,0.0
PMax - Apple Watches,8550,Apple Watch Series 10 42mm GPS Aluminium Case [Grade B],apple,12.79,23,979,1.0,437.0
CJ - PMax (Google),5958,Google Pixel 8 Pro 5G (128GB) [Like New],google,12.69,7,701,0.0,2.03
CJ - PMax (Apple),3605,Apple iPhone 13 (256GB) [Grade A],apple,12.64,9,1140,0.0,0.0
SS - All Products >$1000,8287,Samsung Galaxy Z Flip7 5G (256GB) [Like New],samsung,12.62,12,796,0.11,122.68
CJ - PMax (Apple),4793,Apple iPhone 14 Pro 5G (512GB) [Like New],apple,12.4,8,482,0.0,0.0
CJ - PMax (Google),7069,Google Pixel 9 5G (128GB) [Like New],google,12.3,3,1162,0.0,0.0
CJ - PMax (Everything Else),8613,Sony ULT WEAR Noise Cancelling Over-Ear Headphones [Grade A],sony,12.28,39,1202,0.0,0.0
CJ - PMax (Samsung),6452,Samsung Galaxy Tab A9 LTE (64GB) [Like New],samsung,12.27,24,851,1.0,197.0
CJ - PMax (Apple),1203,Apple iPhone XS Max (64GB) [Grade A],apple,11.94,9,565,0.84,273.69
CJ - PMax (Apple),3613,Apple iPhone 13 Pro (128GB) [Grade A],apple,11.8738,8,2047,0.0,0.0
CJ - PMax (Everything Else),3314,Huawei P40 5G Dual Sim (128GB) [Like New],huawei,11.8662,13,2459,0.0,0.0
CJ - PMax (Apple),3665,Apple iPhone 13 Pro Max 5G (256GB) [Grade A],apple,11.83,6,571,0.0,0.0
CJ - PMax (Apple) iPad,1331,Apple iPad Mini 4 (128GB) WiFi Cellular [Grade B],apple,11.79,16,1313,0.12,23.52
CJ - PMax (Everything Else),8561,Nothing Phone 2 5G Dual Sim (256GB) [Like New],nothing,11.7719,23,1600,1.0,507.0
PMax - Apple Watches,8505,Apple Watch Series 10 Edition Titanium 46mm GPS Cellular [Like New],apple,11.76,20,873,0.0,0.0
CJ - PMax (Apple) iPad,2463,Apple iPad 8th Gen (32GB) WiFi Cellular [Grade A],apple,11.69,8,696,0.0,0.0
CJ - PMax (Samsung),6082,Samsung Galaxy Z Flip 5 5G (256GB) [Grade A],samsung,11.67,11,795,1.0,529.0
PMax - Apple Watches,5196,Apple Watch Series 8 41mm GPS Cellular Aluminium Case [Grade B],apple,11.42,16,708,0.02,4.33
PMax - Apple Watches,5180,Apple Watch Series 8 41mm GPS Aluminium Case [Grade B],apple,11.26,16,949,0.0,0.0
CJ - PMax (Apple) iPad,2462,Apple iPad Pro 12.9-inch 4th Gen (128GB) WiFi Cellular [Grade A],apple,11.2,16,537,0.0,0.0
Phonebot (B) Standard Shopping,6288,Apple iPhone 15 Pro 5G (256GB) [Grade B],apple,11.03,1,100,0.51,477.46
SS - All Products >$1000,7844,Apple iPad Air 13-inch M2 Wifi Cellular (128GB) [Like New],apple,11.01,12,1078,0.0,0.0
CJ - PMax (Samsung),5464,Samsung Galaxy S23 Plus 5G (256GB) [Like New],samsung,10.99,1,516,0.0,0.0
CJ - PMax (Apple),4575,Apple iPhone 13 Pro Max (512GB) [Grade A],apple,10.9592,6,431,0.0,0.0
PMax - Apple Watches,5197,Apple Watch Series 8 41mm GPS Cellular Aluminium Case [Like New],apple,10.91,12,886,0.0,0.0
CJ - PMax (Apple),4933,Apple iPhone 14 Pro Max 5G (256GB) [Grade A],apple,10.9,7,1098,0.0,0.0
CJ - PMax (Everything Else),8544,Sony PlayStation 4 Slim (500GB) [Grade A],sony,10.82,21,3690,0.0,0.0
CJ - PMax (Apple) iPad,2384,Apple iPad Air 4th Gen (64GB) WiFi [Like New],apple,10.72,12,1121,0.0,0.0
Phonebot (B) Standard Shopping,2153,Apple iPhone 12 5G (256GB) [Grade A],apple,10.72,2,206,0.0,0.0
CJ - PMax (Apple),4795,Apple iPhone 14 Pro Max 5G (512GB) [Like New],apple,10.7092,6,2380,0.0,0.0
CJ - PMax (Apple),4677,Apple iPhone 14 Pro Max 5G (128GB) [Like New],apple,10.6783,10,903,0.25,228.51
CJ - PMax (Apple) iPad,2382,Apple iPad Air 3rd Gen (64GB) Wifi [Grade A],apple,10.65,11,1347,0.0,0.0
CJ - PMax (Apple),3841,Apple iPhone 13 Pro 5G (512GB) [Like New],apple,10.55,7,393,0.0,0.0
CJ - PMax (Google),7877,Google Pixel 9a 5G (128GB) [Brand New],google,10.41,15,3424,0.0,0.0
CJ - PMax (Samsung),6343,Samsung Galaxy A24 (128GB) [Like New],samsung,10.4072,8,1204,0.0,0.0
CJ - PMax (Apple) iPad,4616,Apple iPad Mini 2 (32GB) WiFi [Grade B],apple,10.3671,22,3700,0.0,0.0
CJ - PMax (< $100 / Accessories) (PB),5237,Samsung Galaxy Z Fold 4 Standing Cover with Pen,samsung,10.36,23,477,3.0,87.0
CJ - PMax (Google),8501,Google Pixel 9a 5G | DeGoogled Graphene OS Secure (128GB) [Grade A],google,10.3056,9,1310,0.0,0.0
CJ - PMax (Google),6840,Google Pixel 7 5G | DeGoogled Graphene OS Secure (128GB) [Grade B],google,10.27,8,412,0.0,0.0
PMax - Apple Watches,8611,Apple Watch Hermès Series 9 45mm GPS Cellular Stainless Steel Case [Like New],apple,10.25,23,1100,0.0,0.0
CJ - PMax (Everything Else),7192,Honor Magic6 Lite 5G (256GB) [Grade A],honor,10.2426,27,3301,0.0,0.0
Phonebot (B) Standard Shopping,4080,﻿Samsung Galaxy S22 5G (128GB) [Like New],samsung,9.99,8,359,0.0,0.0
Phonebot (B) Standard Shopping,7203,Apple iPhone 16 5G (128GB) [Like New],apple,9.98,7,270,0.6,536.17
PMax - Covers - Excl.Products,6156,Apple iPhone 14 Silicone Case with MagSafe,apple,9.93,24,520,1.0,58.0
CJ - PMax (Samsung),6479,Samsung Galaxy S24 Ultra 5G (256GB) [Grade A],samsung,9.8997,11,611,0.0,0.0
SS - All Products >$1000,8569,Google Pixel 10 5G | DeGoogled Graphene OS Secure (128GB) [Like New],google,9.89,8,497,0.04,36.83
Phonebot (B) Standard Shopping,4798,Apple iPhone 14 5G (128GB) [Like New],apple,9.85,4,217,1.0,657.0
CJ - PMax (< $100 / Accessories) (PB),8605,Twelve South AirFly 2 Pro Bluetooth Audio Transmitter,twelve south,9.82,11,230,1.0,49.0
CJ - PMax (Apple),3498,Apple iPhone 13 (128GB) [Like New],apple,9.8153,11,1245,0.0,0.0
CJ - PMax (Apple),3942,Apple iPhone 13 Pro Max (1TB) [Like New],apple,9.81,7,638,0.0,0.0
CJ - PMax (Samsung),7948,Samsung Galaxy A35 5G Dual Sim (128GB) [Grade A],samsung,9.8089,22,579,0.0,0.0
PMax - Apple Watches,6955,Apple Watch Series 9 45mm GPS Cellular Aluminium Case [Grade A],apple,9.8,13,1416,0.0,0.0
CJ - PMax (Apple) iPad,5780,Apple iPad Air 5th Gen (256GB) Wifi [Like New],apple,9.71,10,549,0.0,0.0
PMax - Apple Watches,8557,Apple Watch Hermès Series 8 45mm GPS Cellular Stainless Steel Case [Grade B],apple,9.6874,18,754,0.0,0.0
Phonebot (B) Standard Shopping,6011,Apple iPhone 15 5G (128GB) [Like New],apple,9.68,2,115,1.0,1223.0
Phonebot (B) Standard Shopping,7569,Apple iPhone 16 Pro Max 5G (256GB) [Grade A],apple,9.51,7,340,0.0,0.0
SS - All Products >$1000,6016,Apple iPhone 15 Pro 5G (256GB) [Grade A],apple,9.43,9,861,0.5,642.0
CJ - PMax (Apple),7202,Apple iPhone 15 Plus 5G (512GB) [Grade A],apple,9.3,8,576,0.0,0.0
CJ - PMax (Everything Else),7992,Oppo Reno8 Pro Plus 5G (256GB) [Grade A],oppo,9.25,13,2640,0.0,0.0
Phonebot (B) Standard Shopping,8589,Samsung Galaxy Z Flip7 5G (512GB) [Grade A],samsung,9.18,3,34,0.0,0.0
CJ - PMax (Samsung),7082,Samsung Galaxy Watch Ultra Cellular 47mm [Like New],samsung,9.17,21,886,1.0,434.0
CJ - PMax (Everything Else),4211,Oppo Find X5 5G (256GB) [Grade A],oppo,9.15,22,1810,0.0,0.0
CJ - PMax (Apple),5996,Apple iPhone 15 Plus 5G (128GB) [Like New],apple,9.0631,4,867,0.0,0.0
CJ - PMax (Apple) iPad,7174,Apple iPad Air (16GB) WiFi Cellular [Like New],apple,8.95,11,1447,0.0,0.0
Standard Shopping - iPhone 17,8584,Apple iPhone 17 Pro 5G (512GB) [Grade A],apple,8.93,11,564,0.0,0.0
CJ - PMax (Everything Else),7982,Vivo X50 Pro 5G Dual Sim (256GB) [Open Box],vivo,8.8936,30,2827,1.0,369.0
CJ - PMax (Apple) iPad,4920,Apple iPad 9th Gen (256GB) Wifi [Like New],apple,8.88,3,578,0.5,962.5
SS - All Products >$1000,5258,Apple iPad Pro 12.9-inch 5th Gen M1 (512GB) Wifi [Grade A],apple,8.85,5,512,0.0,0.0
CJ - PMax (Apple),1816,Apple iPhone 11 Pro (512GB) [Grade A],apple,8.8188,7,554,0.0,0.0
CJ - PMax (Everything Else),4243,Oppo Find X5 Pro 5G (256GB) [Grade A],oppo,8.77,19,1195,0.0,0.0
PMax - Apple Watches,3600,Apple Watch Series 5 GPS Cellular 44mm Stainless Steel Case [Grade A],apple,8.76,26,3618,0.0,0.0
CJ - PMax (Google),5939,Google Pixel 8 Pro 5G (256GB) [Like New],google,8.74,12,509,0.98,623.86
CJ - PMax (Samsung),4360,Samsung Galaxy S22 Plus 5G (128GB) [Grade A],samsung,8.74,5,168,0.0,0.0
PMax - Apple Watches,5195,Apple Watch Series 8 41mm GPS Cellular Aluminium Case [Grade A],apple,8.73,3,185,0.0,0.0
Phonebot (B) Standard Shopping,7183,Samsung Galaxy S24 FE 5G (128GB) [Open Box],samsung,8.73,4,86,0.0,0.0
CJ - PMax (Apple),6007,Apple iPhone 15 Plus 5G (256GB) [Like New],apple,8.7218,4,344,0.0,0.0
CJ - PMax (Apple),2336,Apple iPhone 12 Mini 5G (128GB) [Like New],apple,8.5572,7,808,0.0,0.0
CJ - PMax (Google),6847,Google Pixel 7 Pro 5G | DeGoogled Graphene OS Secure (128GB) [Like New],google,8.52,6,488,0.0,0.0
SS - All Products >$1000,7470,Apple iPhone 16 Pro 5G (128GB) [Like New],apple,8.5,6,348,0.0,0.0
CJ - PMax (Apple),2151,Apple iPhone 12 5G (64GB) [Like New],apple,8.4892,7,1246,1.0,477.0
PMax - Apple Watches,2230,Apple Watch Series 6 44mm GPS Aluminium Case [Grade A],apple,8.46,19,2057,1.0,447.0
Phonebot (B) Standard Shopping,3613,Apple iPhone 13 Pro (128GB) [Grade A],apple,8.29,5,605,0.0,0.0
PMax - Apple Watches,4698,Apple Watch Series 6 Nike 44mm GPS Cellular Aluminium Case [Grade A],apple,8.27,23,1147,1.0,317.0
Standard Shopping - iPhone 17,8580,Apple iPhone 17 Pro Max 5G (512GB) [Open Box],apple,8.26,10,729,0.0,0.0
PMax - Apple Watches,6460,Apple Watch Series 9 41mm GPS Cellular Stainless Steel Case [Like New],apple,8.23,13,314,1.0,478.0
PMax - Apple Watches,6735,Apple Watch Series 9 41mm GPS Aluminium Case [Grade A],apple,8.13,16,1042,0.0,0.0
CJ - PMax (Apple),5811,Apple iPhone 15 Pro 5G (128GB) [Grade A],apple,8.0719,6,1441,0.0,0.0
CJ - PMax (Apple),8474,Apple iPhone 16e 5G (128GB) [Like New],apple,8.05,2,169,0.0,0.0
CJ - PMax (Samsung),7320,Samsung Galaxy Chromebook Go LTE (64GB) [Like New],samsung,8.03,30,1507,2.0,566.0
SS - All Products >$1000,8497,Google Pixel 9 Pro 5G | DeGoogled Graphene OS Secure (256GB) [Grade A],google,8.0,4,289,0.0,0.0
CJ - PMax (Apple) iPad,3775,Apple iPad 9th Gen (64GB) Wifi Cellular [Grade A],apple,7.9908,3,252,0.0,0.0
SS - All Products >$1000,7947,Samsung Galaxy S25 Ultra 5G (256GB) [Grade A],samsung,7.98,7,558,0.0,0.0
CJ - PMax (Everything Else),8566,OnePlus 10 Pro 5G NE2213 Global Ver (128GB) [Grade A],oneplus,7.9471,17,1565,0.0,0.0
CJ - PMax (Samsung),6084,Samsung Galaxy Z Flip 5 5G (512GB) [Grade A],samsung,7.9119,5,849,0.0,0.0
CJ - PMax (< $100 / Accessories) (PB),7257,Pelican Guardian Case with MagSafe for iPhone 15 Pro Max,pelican,7.81,3,268,0.0,0.0
CJ - PMax (< $100 / Accessories) (PB),7647,Samsung Galaxy Z Flip5 Silicone Cover with Ring,samsung,7.73,15,417,3.0,87.0
CJ - PMax (Samsung),6858,Samsung Galaxy S24 5G (512GB) [Grade A],samsung,7.69,6,906,0.0,0.0
SS - All Products >$1000,8211,Samsung Galaxy S25 Plus 5G (256GB) [Open Box],samsung,7.63,14,1017,0.0,0.0
CJ - PMax (Apple),2164,Apple iPhone 12 Pro 5G (512GB) [Like New],apple,7.6294,6,496,0.0,0.0
SS - All Products >$1000,7778,Samsung Galaxy S25 Ultra 5G (256GB) [Like New],samsung,7.6,7,738,0.0,0.0
CJ - PMax (Google),7173,Google Pixel 8 Pro 5G | DeGoogled Graphene OS Secure (512GB) [Like New],google,7.54,4,168,0.0,0.0
CJ - PMax (< $100 / Accessories) (PB),7657,Samsung Galaxy Z Fold5 Standing Cover with Strap,samsung,7.5,11,460,1.5,63.5
SS - All Products >$1000,8258,Samsung Galaxy S25 Ultra 5G (1TB) [Like New],samsung,7.47,5,926,0.0,0.0
SS - All Products >$1000,6732,Apple iPad Pro 12.9-inch 6th Gen M2 (128GB) Wifi [Grade A],apple,7.44,2,103,0.0,0.0
CJ - PMax (Apple) iPad,8610,Apple iPad Air 11-inch M2 Wifi Cellular (512GB) [Grade A],apple,7.31,9,697,0.0,0.0
PMax - Apple Watches,6172,Apple Watch Series 9 45mm GPS Aluminium Case [Like New],apple,7.26,4,209,1.0,379.0
SS - Excluded Products - >$100,8271,Motorola Razr 50S 5G (256GB) [Like New],motorola,7.26,11,1140,0.0,0.0
CJ - PMax (Google),8101,Google Pixel 9a 5G (128GB) [Grade A],google,7.19,11,892,0.0,0.0
SS - All Products >$1000,6024,Apple iPhone 15 Pro Max 5G (256GB) [Grade A],apple,7.17,4,288,0.0,0.0
CJ - PMax (Apple),4336,Apple iPhone SE 5G 3rd Gen (64GB) [Grade B],apple,7.09,4,246,0.0,0.0
CJ - PMax (Everything Else),7826,Honor Magic V2 5G Dual Sim (512GB) [Like New],honor,7.09,14,966,0.0,0.0
SS - All Products >$1000,6214,Apple iPad Pro 12.9-inch 6th Gen M2 (128GB) Wifi Cellular [Grade A],apple,7.07,3,363,0.0,0.0
SS - All Products >$1000,6015,Apple iPhone 15 Pro 5G (256GB) [Like New],apple,7.0,3,384,0.0,0.0
CJ - PMax (Samsung),8577,Samsung Galaxy Watch Ultra Cellular 47mm 2025 [Open Box],samsung,6.9964,15,993,0.0,0.0
CJ - PMax (Google),7171,Google Pixel 8 Pro 5G | DeGoogled Graphene OS Secure (512GB) [Grade A],google,6.99,2,465,0.0,0.0
CJ - PMax (< $100 / Accessories) (PB),6472,UAG Plyo Case for iPad 10th Gen,urban armor gear - uag,6.97,5,75,0.13,71.17
CJ - PMax (Samsung),6872,Samsung Galaxy A14 Dual Sim (64GB) [Grade A],samsung,6.8609,8,387,1.0,159.0
CJ - PMax (Apple),1013,Apple iPhone XR (128GB) [Grade A],apple,6.8536,6,352,0.0,0.0
CJ - PMax (Samsung),4979,Samsung Galaxy S22 Plus 5G (256GB) [Grade B],samsung,6.8226,3,214,0.0,0.0
CJ - PMax (Apple) iPad,3875,Apple iPad Pro 10.5-inch (64GB) WiFi [Grade B],apple,6.8,12,643,1.0,609.16
CJ - PMax (Apple),2157,Apple iPhone 12 Pro 5G (256GB) [Grade A],apple,6.7667,5,857,0.0,0.0
CJ - PMax (Google),8507,Google Pixel 9a 5G | DeGoogled Graphene OS Secure (128GB) [Grade B],google,6.65,8,1056,0.0,0.0
CJ - PMax (Samsung),8319,Samsung Galaxy Watch 8 44mm Bluetooth [Like New],samsung,6.63,13,686,1.0,359.0
CJ - PMax (Google),7156,Google Pixel 7 Pro 5G | DeGoogled Graphene OS Secure (256GB) [Grade A],google,6.62,2,223,0.0,0.0
PMax - Apple Watches,5238,Apple Watch Series 7 41mm GPS Cellular Stainless Steel Case [Grade A],apple,6.56,13,1785,0.0,0.0
CJ - PMax (Everything Else),5845,Motorola Edge 30 Fusion 5G Dual Sim (128GB) [Grade B],motorola,6.54,24,1499,0.0,0.0
CJ - PMax (Google),7157,Google Pixel 7 Pro 5G | DeGoogled Graphene OS Secure (256GB) [Grade B],google,6.5,2,468,0.0,0.0
CJ - PMax (Google),6846,Google Pixel 7 Pro 5G | DeGoogled Graphene OS Secure (128GB) [Grade B],google,6.49,7,458,0.0,0.0
CJ - PMax (Apple),2652,Apple iPhone 12 Mini 5G (256GB) [Grade A],apple,6.48,3,148,0.0,0.0
CJ - PMax (Apple),3574,Apple iPhone 13 Pro (128GB) [Like New],apple,6.4767,4,782,0.0,0.0
CJ - PMax (Everything Else),6150,Sony PlayStation 4 (500GB) [Like New],sony,6.46,10,1556,0.0,0.0
Phonebot (B) Standard Shopping,6007,Apple iPhone 15 Plus 5G (256GB) [Like New],apple,6.46,1,15,0.0,0.0
CJ - PMax (Samsung),7739,Samsung Galaxy S25 5G (256GB) [Like New],samsung,6.4249,8,551,1.0,869.0
CJ - PMax (< $100 / Accessories) (PB),6988,Samsung Galaxy S24 Plus Smart View Wallet Cover,samsung,6.39,17,397,1.49,71.8
SS - All Products >$1000,7141,Apple iPhone 16 Plus 5G (128GB) [Like New],apple,6.38,11,1663,0.0,0.0
CJ - PMax (Samsung),6478,Samsung Galaxy S24 Ultra 5G (256GB) [Like New],samsung,6.37,9,662,0.0,0.0
Phonebot (B) Standard Shopping,2157,Apple iPhone 12 Pro 5G (256GB) [Grade A],apple,6.36,1,198,1.0,209.0
PMax - Apple Watches,8486,Apple Watch Series 10 46mm GPS Cellular Aluminium Case [Grade B],apple,6.29,8,297,0.0,0.0
Phonebot (B) Standard Shopping,7749,Apple iPhone 16e 5G (128GB) [Open Box],apple,6.28,1,103,0.0,0.0
CJ - PMax (Apple) iPad,2350,Apple iPad 7th Gen (32GB) WiFi Cellular [Grade A],apple,6.27,5,927,0.0,0.0
PMax - Apple Watches,7005,Apple Watch Series 9 41mm GPS Cellular Aluminium Case [Grade B],apple,6.25,6,958,0.0,0.0
CJ - PMax (Samsung),2499,Samsung Galaxy Note 20 5G (256GB) [Grade A],samsung,6.2288,9,800,0.0,0.0
CJ - PMax (Google),8248,Google Pixel Buds Pro 2 [Open Box],google,6.22,5,99,1.0,207.01
CJ - PMax (Everything Else),8440,Nothing Phone 2a 5G (128GB) [Grade A],nothing,6.21,10,2851,0.0,0.0
PMax - Apple Watches,6213,Apple Watch Hermès Series 8 45mm GPS Cellular Stainless Steel Case [Grade A],apple,6.2,22,1104,0.0,0.0
PMax - Covers - Excl.Products,5666,Samsung Galaxy S22 Plus Smart LED View Cover,samsung,6.19,17,273,0.0,0.0
CJ - PMax (Samsung),4991,Samsung Galaxy Z Flip 4 5G (512GB) [Grade A],samsung,6.16,8,340,0.0,0.0
CJ - PMax (Apple) iPad,1210,Apple iPad Pro 9.7-inch (32GB) WiFi Cellular [Grade A],apple,6.1405,10,2663,0.0,0.0
CJ - PMax (Apple) iPad,1419,Apple iPad 5th Gen (32GB) WiFi [Grade A],apple,6.11,6,893,0.0,0.0
CJ - PMax (Samsung),4082,﻿Samsung Galaxy S22 5G (256GB) [Like New],samsung,6.07,4,404,0.0,0.0
SS - All Products >$1000,6521,Samsung Galaxy S24 Ultra 5G (1TB) [Like New],samsung,6.02,2,246,0.0,0.0
SS - All Products >$1000,8500,Google Pixel 9 Pro 5G | DeGoogled Graphene OS Secure (512GB) [Like New],google,6.02,6,270,0.0,0.0
CJ - PMax (Apple) iPad,1273,Apple iPad Mini 4 (128GB) WiFi [Grade A],apple,6.0,6,337,1.0,177.0
CJ - PMax (Samsung),8309,Samsung Galaxy S25 Edge 5G (256GB) [Like New],samsung,5.92,12,713,0.0,0.0
PMax - Apple Watches,6690,Apple Watch SE 2022 44mm GPS [Grade B],apple,5.79,7,851,0.99,225.99
PMax - Apple Watches,4700,Apple Watch Series 6 Nike 44mm GPS Aluminium Case [Grade A],apple,5.75,16,1769,0.51,125.01
CJ - PMax (Apple) iPad,1889,Apple iPad Air 3rd Gen (64GB) Wifi Cellular [Like New],apple,5.72,5,822,0.0,0.0
Phonebot (B) Standard Shopping,3614,Apple iPhone 13 Pro (256GB) [Grade A],apple,5.7,1,334,0.0,0.0
PMax - Apple Watches,2305,Apple Watch Series 6 40mm GPS Aluminium Case [Grade A],apple,5.68,17,1178,1.0,199.0
PMax - Apple Watches,2233,Apple Watch Series 6 44mm GPS + Cellular Aluminium Case [Grade A],apple,5.63,4,620,0.33,83.0
CJ - PMax (Apple) iPad,4891,Apple iPad Air 5th Gen (64GB) Wifi [Like New],apple,5.62,4,316,0.0,0.0
SS - All Products >$1000,8560,Apple iPhone 15 Pro 5G (512GB) [Grade B],apple,5.62,4,230,0.0,1.35
CJ - PMax (Apple),2163,Apple iPhone 12 Pro 5G (512GB) [Grade A],apple,5.6,2,521,0.0,0.0
CJ - PMax (Google),6842,Google Pixel 7a 5G | DeGoogled Graphene OS Secure (128GB) [Grade A],google,5.56,11,1284,0.0,0.0
PMax - Apple Watches,8483,Apple Watch Series 10 46mm GPS Aluminium Case [Grade B],apple,5.54,9,594,0.0,0.0
CJ - PMax (Apple),3494,Apple iPhone 13 Pro (256GB) [Like New],apple,5.53,2,178,1.0,644.0
CJ - PMax (Apple) iPad,2669,Apple iPad 5th Gen (32GB) WiFi Cellular [Like New],apple,5.4451,8,718,0.0,0.0
CJ - PMax (Apple) iPad,3114,Apple iPad Pro 12.9-inch 1st Gen (256GB) WiFi Cellular [Grade B],apple,5.42,4,501,0.0,0.0
SS - All Products >$1000,7053,Google Pixel 9 Pro XL 5G (512GB) [Like New],google,5.36,7,947,0.0,0.0
CJ - PMax (Apple) iPad,2496,Apple iPad Mini 4 (128GB) WiFi [Like New],apple,5.34,6,311,0.0,0.0
CJ - PMax (Apple) iPad,3392,Apple iPad 7th Gen (128GB) WiFi Cellular [Grade A],apple,5.34,4,1033,0.0,0.0
CJ - PMax (Everything Else),8602,Motorola Moto G84 5G (256GB) [Like new],motorola,5.33,14,706,1.0,307.0
SS - All Products >$1000,8568,Google Pixel 10 5G | DeGoogled Graphene OS Secure (128GB) [Grade A],google,5.32,2,240,0.0,0.0
CJ - PMax (Samsung),4978,Samsung Galaxy S22 Plus 5G (128GB) [Grade B],samsung,5.28,4,433,0.0,0.0
CJ - PMax (Google),6845,Google Pixel 7 Pro 5G | DeGoogled Graphene OS Secure (128GB) [Grade A],google,5.2797,5,872,0.0,0.0
CJ - PMax (Apple),4873,Apple iPhone 14 Plus 5G (128GB) [Grade A],apple,5.22,6,1084,0.0,0.0
PMax - Apple Watches,5208,Apple Watch Series 8 45mm GPS Cellular Stainless Steel Case [Grade A],apple,5.15,7,620,0.0,0.0
CJ - PMax (Samsung),6550,Samsung Galaxy A24 (128GB) [Grade A],samsung,5.1,11,1076,0.0,0.0
CJ - PMax (Samsung),5577,Samsung Galaxy A34 5G Dual Sim (128GB) [Grade A],samsung,5.06,11,568,0.0,0.0
CJ - PMax (Everything Else),8606,Oppo A6 5G (256GB) [Like New],oppo,5.05,15,755,0.0,0.0
CJ - PMax (Samsung),7945,Samsung Galaxy S25 5G (128GB) [Grade A],samsung,5.05,5,257,0.0,0.0
CJ - PMax (Apple),5810,Apple iPhone 15 Pro 5G (128GB) [Like New],apple,5.0055,4,312,0.0,0.0
CJ - PMax (Apple),3503,Apple iPhone 12 Pro 5G (512GB) [Grade B],apple,4.96,3,506,0.0,0.0
CJ - PMax (Apple),4798,Apple iPhone 14 5G (128GB) [Like New],apple,4.9555,5,1567,0.0,0.0
PMax - Apple Watches,4697,Apple Watch Series 7 45mm GPS Cellular Stainless Steel Case [Grade A],apple,4.94,4,445,0.0,0.0
Phonebot (B) Standard Shopping,3574,Apple iPhone 13 Pro (128GB) [Like New],apple,4.89,2,147,0.0,0.0
PMax - Apple Watches,5203,Apple Watch Series 8 41mm GPS Cellular Stainless Steel Case [Grade A],apple,4.87,4,598,0.0,0.0
CJ - PMax (< $100 / Accessories) (PB),5356,Samsung Galaxy Tab S8 Ultra Book Cover,samsung,4.86,16,263,0.97,28.26
CJ - PMax (Apple),3947,Apple iPhone 13 (512GB) [Grade A],apple,4.8359,4,172,0.0,0.0
CJ - PMax (Apple),1404,Apple iPhone XS (512GB) [Grade A],apple,4.82,8,411,0.0,0.0
SS - All Products >$1000,8170,Apple iPad Air 13-inch M3 Wifi Cellular (512GB) [Like New],apple,4.76,5,312,0.0,0.0
CJ - PMax (Apple),2154,Apple iPhone 12 5G (128GB) [Like New],apple,4.7189,7,1322,0.0,0.0
CJ - PMax (Samsung),6708,Samsung Galaxy Tab S9 Ultra Wifi (512GB) [Grade A],samsung,4.6843,9,931,0.0,0.0
Phonebot (B) Standard Shopping,6973,Samsung Galaxy S24 Ultra 5G (256GB) [Grade B],samsung,4.63,5,395,0.0,0.0
SS - All Products >$1000,7420,Apple iPhone 16 Plus 5G (256GB) [Like New],apple,4.59,3,670,0.0,0.0
CJ - PMax (Apple) iPad,3139,Apple iPad Air 3rd Gen (64GB) Wifi [Grade B],apple,4.52,12,940,0.0,0.0
CJ - PMax (Apple) iPad,2712,Apple iPad 8th Gen (128GB) WiFi [Grade A],apple,4.51,1,328,0.0,0.0
CJ - PMax (Apple),4872,Apple iPhone 14 Plus 5G (128GB) [Like New],apple,4.4931,2,1281,0.0,0.0
CJ - PMax (Apple) iPad,3417,Apple iPad Pro 12.9-inch 5th Gen M1 (128GB) Wifi Cellular [Like New],apple,4.36,3,83,0.0,0.0
CJ - PMax (Apple),1201,Apple iPhone XS (64GB) [Grade A],apple,4.2651,3,1146,0.0,0.0
CJ - PMax (Apple) iPad,3410,Apple iPad 8th Gen (32GB) WiFi Cellular [Like New],apple,4.247,5,469,0.0,0.0
CJ - PMax (Samsung),4224,Samsung Galaxy S22 Plus 5G (128GB) [Like New],samsung,4.23,5,477,1.0,397.0
CJ - PMax (Apple) iPad,4614,Apple iPad Air 4th Gen (256GB) WiFi [Grade B],apple,4.226,5,868,0.0,0.0
SS - All Products >$1000,7872,Samsung Galaxy S25 Ultra 5G (512GB) [Like New],samsung,4.22,8,743,0.0,0.0
CJ - PMax (< $100 / Accessories) (PB),7605,ZAGG InvisibleShield Glass XTR3 Tempered Glass Screen Protector for iPhone 15 Pro Max,zagg,4.18,6,54,1.0,35.0
CJ - PMax (Apple),2609,Apple iPhone 12 Pro Max 5G (128GB) [Grade A],apple,4.1288,5,632,0.0,0.0
SS - Excluded Products - >$100,4211,Oppo Find X5 5G (256GB) [Grade A],oppo,4.07,6,394,0.0,0.0
CJ - PMax (< $100 / Accessories) (PB),7723,Apple Leather Case Cover for iPhone 14,apple,4.01,12,286,1.0,29.0
CJ - PMax (Apple),5320,Apple iPhone 14 Pro 5G (512GB) [Grade B],apple,4.002,3,582,0.0,0.0
CJ - PMax (Google),8492,Google Pixel 9 5G | DeGoogled Graphene OS Secure (256GB) [Like New],google,3.99,2,196,0.0,0.0
CJ - PMax (Apple),2059,Apple iPhone 11 (256GB) [Grade A],apple,3.9883,5,613,0.0,0.0
CJ - PMax (Apple) iPad,3253,Apple iPad Pro 12.9-inch 2nd Gen (64GB) WiFi [Grade B],apple,3.97,5,264,0.0,0.0
Phonebot (B) Standard Shopping,2458,Apple iPhone 12 Pro Max 5G (256GB) [Like New],apple,3.96,2,13,0.0,0.0
CJ - PMax (Google),7987,Google Pixel 8a 5G (128GB) [Grade B],google,3.89,6,357,0.0,0.0
CJ - PMax (< $100 / Accessories) (PB),6161,Samsung Galaxy A53 5G Smart S-View Wallet Cover,samsung,3.87,11,144,1.0,38.0
CJ - PMax (Everything Else),1894,Boost Mobile $300 Pre-Paid SIM Card Starter Pack,boost,3.85,12,1204,0.0,0.0
Phonebot (B) Standard Shopping,5840,Apple iPhone 14 5G (512GB) [Grade A],apple,3.84,1,528,0.0,0.0
CJ - PMax (Apple),4242,Apple iPhone 13 5G (256GB) [Grade B],apple,3.79,5,373,0.0,0.0
CJ - PMax (Apple),3144,Apple iPhone 12 Pro Max 5G (256GB) [Grade A],apple,3.7761,6,1095,0.0,0.0
CJ - PMax (Apple),6288,Apple iPhone 15 Pro 5G (256GB) [Grade B],apple,3.75,4,217,0.0,0.0
CJ - PMax (Apple) iPad,4049,Apple iPad 8th Gen (128GB) WiFi [Grade B],apple,3.66,2,371,0.0,0.0
CJ - PMax (Everything Else),4488,Asus Zenfone 8 Flip 5G (256GB) [Grade A],asus,3.6,7,1138,0.0,0.0
CJ - PMax (Everything Else),4657,Sony PlayStation 4 (500GB) [Grade A],sony,3.6,8,2449,0.0,0.0
Phonebot (B) Standard Shopping,5464,Samsung Galaxy S23 Plus 5G (256GB) [Like New],samsung,3.56,1,60,0.0,0.0
Phonebot (B) Standard Shopping,8326,Apple iPad Pro 13-inch M5 (512GB) Wifi Cellular [Open Box],apple,3.53,1,13,0.0,0.0
CJ - PMax (Apple) iPad,2440,Apple iPad Pro 12.9-inch 3rd Gen (64GB) WiFi Cellular [Like New],apple,3.52,6,434,0.0,0.0
PMax - Covers - Excl.Products,7690,Samsung Galaxy S24 Ultra Silicone Case Cover,samsung,3.47,2,163,0.0,0.0
PMax - Apple Watches,5199,Apple Watch Series 8 45mm GPS Cellular Aluminium Case [Grade A],apple,3.43,4,234,0.0,0.0
CJ - PMax (Apple) iPad,2628,Apple iPad Pro 9.7-inch (32GB) WiFi [Grade B],apple,3.42,5,662,1.0,149.0
Phonebot (B) Standard Shopping,8474,Apple iPhone 16e 5G (128GB) [Like New],apple,3.38,1,10,0.0,0.0
PMax - Covers - Excl.Products,6968,Samsung Galaxy S23 Silicone Case,samsung,3.34,10,211,1.0,29.0
CJ - PMax (Everything Else),8634,Motorola Razr 50S 5G (256GB) [Grade A],motorola,3.29,10,1422,0.0,0.0
CJ - PMax (Google),8487,Google Pixel 9 5G | DeGoogled Graphene OS Secure (128GB) [Grade A],google,3.29,3,306,0.0,0.0
Phonebot (B) Standard Shopping,6390,Apple iPhone 15 5G (512GB) [Grade A],apple,3.29,2,93,0.0,0.0
CJ - PMax (Apple),3890,Apple iPhone 13 Pro Max (512GB) [Grade B],apple,3.2519,1,183,0.0,0.0
CJ - PMax (Samsung),6184,Samsung Galaxy Z Fold5 5G (256GB) [Grade A],samsung,3.24,4,188,0.61,458.56
CJ - PMax (Samsung),8529,Samsung Galaxy A25 5G (128GB) [Grade B],samsung,3.2301,9,1541,0.0,0.0
Phonebot (B) Standard Shopping,4867,Apple iPhone 14 5G (128GB) [Grade A],apple,3.2,4,550,0.0,0.0
SS - All Products >$1000,8582,Asus ROG 9 Pro Gaming Phone 5G Dual Sim (1TB) [Grade A],asus,3.2,5,130,0.0,0.0
PMax - Covers - Excl.Products,4763,Samsung Galaxy S22 Plus Smart Clear View Cover Case,samsung,3.15,6,308,0.0,0.0
Phonebot (B) Standard Shopping,6052,Apple iPhone 15 Pro 5G (512GB) [Grade A],apple,3.14,1,125,0.0,0.0
SS - All Products >$1000,8593,Apple iPad Air 11-inch M3 Wifi Cellular (512GB) [Grade A],apple,3.11,3,157,1.0,1149.0
CJ - PMax (Apple),4871,Apple iPhone 14 5G (256GB) [Grade A],apple,3.07,3,543,0.0,0.0
CJ - PMax (Apple) iPad,1424,Apple iPad Pro 9.7-inch (32GB) WiFi [Grade A],apple,3.05,6,529,0.0,0.0
CJ - PMax (Apple) iPad,3540,Apple iPad Pro 12.9-inch 3rd Gen (64GB) WiFi Cellular [Grade B],apple,3.05,7,363,0.0,0.0
CJ - PMax (< $100 / Accessories) (PB),5514,Dbramante Samsung S22 Costa Rica Silicone Case,dbramante,3.03,1,10,0.0,0.0
CJ - PMax (Google),6849,Google Pixel 8 5G | DeGoogled Graphene OS Secure (128GB) [Grade B],google,3.03,4,650,0.0,0.0
SS - All Products >$1000,8571,Google Pixel 10 Pro 5G | DeGoogled Graphene OS Secure (128GB) [Like New],google,3.02,1,389,0.0,0.0
CJ - PMax (< $100 / Accessories) (PB),7654,Samsung Galaxy Z Fold5 Eco-Leather Cover,samsung,3.01,6,123,0.0,0.0
CJ - PMax (Apple) iPad,2196,Apple iPad Pro 11-inch 1st Gen (256GB) WiFi Cellular [Grade B],apple,2.95,4,1730,0.0,0.0
Phonebot (B) Standard Shopping,2152,Apple iPhone 12 5G (256GB) [Like New],apple,2.95,1,274,0.0,0.0
CJ - PMax (Samsung),8040,Samsung Galaxy A16 5G (128GB) [Grade B],samsung,2.92,8,722,0.0,0.0
CJ - PMax (Apple),3839,Apple iPhone 13 Pro Max 5G (1TB) [Grade A],apple,2.86,3,203,0.0,0.0
Phonebot (B) Standard Shopping,5811,Apple iPhone 15 Pro 5G (128GB) [Grade A],apple,2.84,3,525,0.0,0.0
Phonebot (B) Standard Shopping,7939,Samsung Galaxy S24 Plus 5G (256GB) [Grade B],samsung,2.83,2,105,0.0,0.0
Standard Shopping - iPhone 17,8194,Apple iPhone 17 Pro Max 5G (256GB) [Brand New],apple,2.83,5,861,0.0,0.0
CJ - PMax (Apple),3556,Apple iPhone 13 Pro Max (256GB) [Like New],apple,2.8191,1,354,0.07,36.42
CJ - PMax (Apple),3664,Apple iPhone 13 Pro Max (128GB) [Like New],apple,2.7946,3,1369,0.0,0.0
PMax - Covers - Excl.Products,5230,Samsung Galaxy Tab S7 | S8 Book Cover Keyboard Slim,samsung,2.7792,12,203,1.0,69.0
CJ - PMax (< $100 / Accessories) (PB),6971,Samsung Galaxy S23 Clear Gadget Case,samsung,2.73,1,19,0.0,0.0
CJ - PMax (Apple) iPad,1552,Apple iPad Air 2 (16GB) WiFi Cellular [Grade A],apple,2.73,5,331,0.0,0.0
CJ - PMax (Apple),3492,Apple iPhone 12 Pro Max 5G (512GB) [Grade B],apple,2.71,1,32,0.0,0.0
CJ - PMax (Apple),5407,Apple iPhone 14 Plus 5G (512GB) [Like New],apple,2.71,2,245,0.0,0.0
CJ - PMax (< $100 / Accessories) (PB),7630,Otterbox Symmetry Series Case for Samsung Galaxy S23 Plus,otterbox,2.67,7,190,2.5,101.5
CJ - PMax (Apple) iPad,4866,Apple iPad Pro 10.5-inch (256GB) WiFi [Like New],apple,2.61,6,565,0.0,0.0
Phonebot (B) Standard Shopping,4081,﻿Samsung Galaxy S22 5G (128GB) [Grade A],samsung,2.59,2,65,0.0,0.0
Phonebot (B) Standard Shopping,8417,Apple iPhone 17 Pro Max 5G (256GB) [Open Box],apple,2.59,3,219,2.0,3298.0
SS - Excluded Products - >$100,1339,Apple iPhone 11 Pro (256GB) [Like New],apple,2.59,1,247,0.0,0.0
CJ - PMax (Apple),5324,Apple iPhone 13 Pro Max (1TB) [Grade B],apple,2.5799,5,524,0.0,0.0
CJ - PMax (Apple) iPad,2385,Apple iPad 6th Gen (32GB) WiFi Cellular [Grade B],apple,2.57,6,668,0.0,0.0
Phonebot (B) Standard Shopping,4933,Apple iPhone 14 Pro Max 5G (256GB) [Grade A],apple,2.54,5,231,0.0,0.0
CJ - PMax (Apple),2145,Apple iPhone 12 5G (64GB) [Grade A],apple,2.52,2,138,0.0,0.0
PMax - Apple Watches,8301,Apple Watch Series 10 46mm GPS Cellular Aluminium Case [Like New],apple,2.52,3,73,0.0,0.0
CJ - PMax (Apple),783,Apple iPhone 8 (64GB) [Grade A],apple,2.5061,4,717,0.0,0.0
CJ - PMax (Apple) iPad,1715,Apple iPad 7th Gen (32GB) WiFi [Grade A],apple,2.5,6,1347,0.0,0.0
CJ - PMax (< $100 / Accessories) (PB),2736,Tech21 Evo Check Case For Samsung Galaxy Note 20 5G,tech21,2.48,1,7,0.0,0.0
Phonebot (B) Standard Shopping,8397,Apple iPhone 17 5G (256GB) [Open Box],apple,2.4,3,248,0.0,0.0
SS - All Products >$1000,8576,Google Pixel 10 Pro XL 5G | DeGoogled Graphene OS Secure (256GB) [Like New],google,2.37,2,147,0.0,0.0
CJ - PMax (Apple),1569,Apple iPhone XS (256GB) [Grade A],apple,2.36,5,387,0.0,0.0
PMax - Apple Watches,8503,Apple Watch Series 10 42mm GPS Aluminium Case [Grade A],apple,2.36,5,376,0.0,0.0
PMax - Apple Watches,6372,Apple Watch Series 9 41mm GPS Aluminium Case [Like New],apple,2.28,4,356,0.0,0.0
CJ - PMax (< $100 / Accessories) (PB),2503,Cygnett TekView Case For iPad Pro 11-inch,cygnett,2.25,4,166,0.0,0.0
CJ - PMax (Apple),5441,Apple iPhone 14 Plus 5G (256GB) [Grade B],apple,2.25,1,367,0.0,0.0
CJ - PMax (< $100 / Accessories) (PB),7496,UAG Pathfinder Case with MagSafe for iPhone 15 Pro,urban armor gear - uag,2.2,5,136,1.0,29.0
SS - All Products >$1000,7894,Apple iPhone 16 Pro Max 5G (512GB) [Grade A],apple,2.2,3,491,0.0,0.0
Phonebot (B) Standard Shopping,6344,Samsung Galaxy S24 Plus 5G (512GB) [Like New],samsung,2.19,1,7,0.0,0.0
CJ - PMax (Apple),7335,Apple iPhone 16 5G (128GB) [Grade A],apple,2.18,2,194,0.0,0.0
PMax - Apple Watches,5185,Apple Watch Series 8 45mm GPS Aluminium Case [Grade B],apple,2.18,4,172,0.0,0.0
CJ - PMax (Samsung),6080,Samsung Galaxy S23 FE 5G (128GB) [Like New],samsung,2.1749,3,238,0.14,83.22
Phonebot (B) Standard Shopping,6569,Samsung Galaxy S24 5G (256GB) [Grade A],samsung,2.16,7,518,1.0,728.0
CJ - PMax (Samsung),3955,Samsung Galaxy S22 Ultra 5G (256GB) [Like New],samsung,2.15,2,93,0.0,0.0
Phonebot (B) Standard Shopping,5152,Samsung Galaxy S23 Ultra 5G (256GB) [Grade B],samsung,2.13,3,318,0.0,0.0
SS - All Products >$1000,8570,Google Pixel 10 Pro 5G | DeGoogled Graphene OS Secure (128GB) [Grade A],google,2.1,1,368,0.0,0.0
CJ - PMax (Apple),2654,Apple iPhone 12 Mini 5G (256GB) [Like New],apple,2.0916,1,113,0.0,0.0
CJ - PMax (Apple),2060,Apple iPhone 11 Pro Max (256GB) [Grade A],apple,2.0664,3,418,0.0,0.0
CJ - PMax (Apple),2153,Apple iPhone 12 5G (256GB) [Grade A],apple,2.02,3,553,0.0,0.0
Phonebot (B) Standard Shopping,7470,Apple iPhone 16 Pro 5G (128GB) [Like New],apple,2.02,1,21,0.0,0.0
CJ - PMax (< $100 / Accessories) (PB),6981,Samsung Galaxy S23 Plus Silicone Grip Case,samsung,2.01,2,64,1.0,29.0
PMax - Covers - Excl.Products,4758,Samsung Galaxy Tab S7 | S8 Book Cover,samsung,2.0,3,106,0.0,0.0
PMax - Apple Watches,3643,Apple Watch Series 6 44mm GPS + Cellular Aluminium Case [Grade B],apple,1.99,4,209,0.5,122.0
CJ - PMax (Samsung),5578,Samsung Galaxy A34 5G Dual Sim (128GB) [Like New],samsung,1.95,3,247,0.0,0.0
SS - All Products >$1000,7557,Samsung Galaxy S25 Ultra 5G (256GB) [Open Box],samsung,1.95,3,66,0.0,0.0
CJ - PMax (< $100 / Accessories) (PB),3358,Speck Smartshell Case For Macbook Pro 16-inch,speck,1.94,2,30,0.0,0.0
CJ - PMax (Apple) iPad,3413,Apple iPad Pro 11-inch 2nd Gen (128GB) WiFi [Like New],apple,1.93,2,820,0.0,0.0
CJ - PMax (Apple) iPad,1225,Apple iPad Pro 12.9-inch 2nd Gen (64GB) Wifi Cellular [Grade A],apple,1.89,1,167,0.0,0.0
PMax - Apple Watches,6705,Apple Watch Series 9 45mm GPS Cellular Stainless Steel Case [Like New],apple,1.88,7,771,0.0,0.0
SS - All Products >$1000,8522,Google Pixel 9 Pro XL 5G | DeGoogled Graphene OS Secure (512GB) [Grade B],google,1.87,1,94,0.0,0.0
CJ - PMax (< $100 / Accessories) (PB),2472,Samsung Galaxy Note 20 / Note 20 Ultra S Pen Stylus,samsung,1.86,2,115,1.0,39.0
Phonebot (B) Standard Shopping,4675,Apple iPhone 14 Pro 5G (128GB) [Grade A],apple,1.84,2,212,0.0,0.0
PMax - Apple Watches,8147,Apple Watch Series 10 42mm GPS Aluminium Case [Like new],apple,1.83,6,218,0.0,0.0
Phonebot (B) Standard Shopping,6764,Samsung Galaxy S24 Ultra 5G (512GB) [Grade A],samsung,1.8,2,355,0.0,0.0
SS - All Products >$1000,8496,Google Pixel 9 Pro 5G | DeGoogled Graphene OS Secure (128GB) [Like New],google,1.79,1,85,0.0,0.0
CJ - PMax (< $100 / Accessories) (PB),2473,Samsung Galaxy S20 LED Cover,samsung,1.78,3,42,0.0,0.0
SS - All Products >$1000,8572,Google Pixel 10 Pro 5G | DeGoogled Graphene OS Secure (256GB) [Grade A],google,1.78,1,191,0.0,0.0
Phonebot (B) Standard Shopping,8396,Apple iPhone 17 5G (256GB) [Like New],apple,1.76,4,468,1.0,1298.0
CJ - PMax (Apple),6014,Apple iPhone 15 5G (256GB) [Like New],apple,1.74,1,49,0.0,0.0
PMax - Apple Watches,6780,Apple Watch Hermès Series 7 41mm GPS Cellular Stainless Steel Case [Grade A],apple,1.74,7,841,0.0,0.0
CJ - PMax (Apple) iPad,3184,Apple iPad Air 3rd Gen (64GB) Wifi [Like New],apple,1.73,3,1097,0.0,0.0
CJ - PMax (Google),5188,Google Pixel 7 5G (256GB) [Grade A],google,1.7,1,103,0.0,0.0
CJ - PMax (Google),4969,Google Pixel 7 Pro 5G (128GB) [Grade A],google,1.69,2,168,1.0,394.01
Phonebot (B) Standard Shopping,2333,Apple iPad Pro 11-inch 2nd Gen (128GB) WiFi [Grade A],apple,1.69,1,39,0.0,0.0
CJ - PMax (Everything Else),8597,Cocopar Portable 15.6-inch Monitor [Open Box],cocopar,1.68,1,565,0.0,0.0
Phonebot (B) Standard Shopping,6391,Samsung Galaxy S23 FE 5G (128GB) [Grade A],samsung,1.66,1,146,0.0,0.0
Phonebot (B) Standard Shopping,7626,Apple iPhone 16 Pro Max 5G (1TB) [Grade A],apple,1.66,3,46,0.0,0.0
PMax - Covers - Excl.Products,6979,Samsung Galaxy S23 Plus Silicone Case,samsung,1.62,6,93,0.0,0.0
CJ - PMax (< $100 / Accessories) (PB),7644,Otterbox Symmetry Case for iPhone 15 Pro,otterbox,1.6,4,226,0.0,0.0
Phonebot (B) Standard Shopping,8211,Samsung Galaxy S25 Plus 5G (256GB) [Open Box],samsung,1.6,1,24,0.0,0.0
CJ - PMax (Samsung),6453,Samsung Galaxy S24 5G (128GB) [Like New],samsung,1.59,1,90,0.84,575.0
SS - All Products >$1000,6026,Apple iPhone 15 Pro Max 5G (256GB) [Grade B],apple,1.58,1,25,0.0,0.0
CJ - PMax (Apple),3141,Apple iPhone 12 Pro Max 5G (512GB) [Like New],apple,1.55,1,255,0.0,0.0
CJ - PMax (Apple),1202,Apple iPhone XR (256GB) [Grade A],apple,1.54,1,923,0.0,0.0
CJ - PMax (Apple),5190,Apple iPhone 13 5G (512GB) [Grade B],apple,1.51,3,262,0.0,0.0
CJ - PMax (Apple),8330,Apple iPhone 16e 5G (128GB) [Grade A],apple,1.51,1,74,0.0,0.0
CJ - PMax (Apple),1591,Apple iPhone XS Max (512GB) [Like New],apple,1.47,2,431,0.0,0.0
Phonebot (B) Standard Shopping,3556,Apple iPhone 13 Pro Max (256GB) [Like New],apple,1.46,1,91,0.0,0.0
Phonebot (B) Standard Shopping,4082,﻿Samsung Galaxy S22 5G (256GB) [Like New],samsung,1.46,1,14,0.0,0.0
Phonebot (B) Standard Shopping,5581,Samsung Galaxy A54 5G Dual Sim (128GB) [Like New],samsung,1.46,1,24,0.0,0.0
CJ - PMax (< $100 / Accessories) (PB),6488,HyperDrive 6-in-1 USB-C Hub for iMac 24-inch,hyper,1.44,2,168,0.0,0.0
CJ - PMax (< $100 / Accessories) (PB),2402,Samsung Galaxy S20 Ultra Protective Standing Cover,samsung,1.38,2,31,0.0,0.0
CJ - PMax (Samsung),2344,Samsung Galaxy Note 20 5G (256GB) [Like New],samsung,1.38,3,200,0.84,317.21
PMax - Apple Watches,2231,Apple Watch Series 6 44mm GPS Aluminium Case [Like New],apple,1.38,4,866,0.0,0.0
Phonebot (B) Standard Shopping,4874,Samsung Galaxy S22 Ultra 5G (256GB) [Grade B],samsung,1.38,1,87,0.0,0.0
CJ - PMax (Google),6841,Google Pixel 7 5G | DeGoogled Graphene OS Secure (128GB) [Like New],google,1.37,1,148,0.0,0.0
Phonebot (B) Standard Shopping,6392,Apple iPhone 15 5G (512GB) [Like New],apple,1.37,2,50,0.0,0.0
CJ - PMax (Google),6843,Google Pixel 7a 5G | DeGoogled Graphene OS Secure (128GB) [Grade B],google,1.36,3,381,0.0,0.0
CJ - PMax (Samsung),8018,Samsung Galaxy Tab S9 Ultra Wifi (1TB) [Like New],samsung,1.35,2,47,0.49,487.79
PMax - Apple Watches,6736,Apple Watch Series 9 45mm GPS Aluminium Case [Grade A],apple,1.35,3,190,0.0,0.0
Phonebot (B) Standard Shopping,6003,Samsung Galaxy Z Flip 5 5G (256GB) [Like New],samsung,1.34,1,42,0.0,0.0
CJ - PMax (Apple) iPad,8636,Apple iPad Air 4th Gen (64GB) Wifi Cellular [Open Box],apple,1.27,1,75,0.0,0.0
CJ - PMax (Google),8489,Google Pixel 9 5G | DeGoogled Graphene OS Secure (128GB) [Grade B],google,1.27,3,751,0.0,0.0
CJ - PMax (Apple) iPad,1872,Apple iPad 5th Gen (32GB) WiFi Cellular [Grade B],apple,1.25,3,496,0.0,0.0
SS - All Products >$1000,8580,Apple iPhone 17 Pro Max 5G (512GB) [Open Box],apple,1.23,3,312,0.0,0.0
CJ - PMax (Apple) iPad,1115,Apple iPad 5th Gen (128GB) WiFi [Grade A],apple,1.22,1,439,1.0,178.0
PMax - Apple Watches,6729,Apple Watch Series 9 45mm GPS Aluminium Case [Grade B],apple,1.22,5,250,0.0,0.0
CJ - PMax (Google),8516,Google Pixel 9 Pro XL 5G | DeGoogled Graphene OS Secure (128GB) [Grade B],google,1.21,2,1287,0.0,0.0
CJ - PMax (< $100 / Accessories) (PB),7242,Pelican Ranger Case with MagSafe For iPhone 14 Pro Max,pelican,1.19,4,76,0.0,0.0
Phonebot (B) Standard Shopping,7033,Samsung Galaxy Z Flip6 5G (256GB) [Open Box],samsung,1.18,1,114,0.0,0.0
CJ - PMax (Samsung),6813,Samsung Galaxy Buds 3 [Brand New],samsung,1.172,2,226,0.0,0.0
CJ - PMax (< $100 / Accessories) (PB),6983,Samsung Galaxy S24 Silicone Case,samsung,1.13,3,291,0.0,0.0
Phonebot (B) Standard Shopping,3955,Samsung Galaxy S22 Ultra 5G (256GB) [Like New],samsung,1.13,1,19,0.0,0.0
CJ - PMax (Everything Else),8564,OnePlus 9 5G LE2113 Global Ver (128GB) [Grade A],oneplus,1.12,1,1051,0.0,0.0
CJ - PMax (Samsung),7780,Samsung Galaxy S25 Plus 5G (256GB) [Like New],samsung,1.1,2,33,1.0,2306.0
CJ - PMax (< $100 / Accessories) (PB),7619,ZAGG InvisibleShield Glass XTR3 Screen Protector for Samsung Galaxy S23 FE,zagg,1.09,1,38,0.0,0.0
Phonebot (B) Standard Shopping,4931,Apple iPhone 14 Pro Max 5G (128GB) [Grade A],apple,1.09,5,423,0.0,0.0
CJ - PMax (< $100 / Accessories) (PB),6252,Samsung Galaxy Watch5 | Watch5 Pro Sport Band 20MM (M/L),samsung,1.08,3,62,0.0,0.0
CJ - PMax (< $100 / Accessories) (PB),7648,Samsung Galaxy Z Flip5 Flap Eco-Leather Case,samsung,1.08,4,164,0.0,0.0
CJ - PMax (Apple),4794,Apple iPhone 14 Pro Max 5G (256GB) [Like New],apple,1.08,1,129,0.0,0.0
PMax - Covers - Excl.Products,5640,OtterBox Symmetry Case for iPhone 12 Pro Max,otterbox,1.08,6,160,0.0,0.0
CJ - PMax (Apple) iPad,3543,Apple iPad Air 4th Gen (64GB) Wifi Cellular [Like New],apple,1.04,1,110,0.0,0.0
CJ - PMax (Samsung),7745,Samsung Galaxy S24 Plus 5G (512GB) [Grade B],samsung,1.04,1,156,0.0,0.0
CJ - PMax (Samsung),5151,Samsung Galaxy S23 Ultra 5G (512GB) [Like New],samsung,1.0375,1,757,0.0,0.0
CJ - PMax (Apple),2156,Apple iPhone 12 Pro 5G (256GB) [Like New],apple,1.0365,0,1177,0.0,0.0
CJ - PMax (Google),6558,Google Pixel 8a 5G (128GB) [Open Box],google,1.03,1,200,0.0,0.0
CJ - PMax (< $100 / Accessories) (PB),7663,Otterbox Symmetry Series Case for Samsung Galaxy S23 FE,otterbox,1.0,1,97,0.0,0.0
Phonebot (B) Standard Shopping,5212,Samsung Galaxy Z Fold 4 5G (1TB) [Grade A],samsung,1.0,1,122,0.0,0.0
CJ - PMax (Apple),4672,Apple iPhone 13 Mini (256GB) [Grade B],apple,0.99,2,269,0.0,0.0
Phonebot (B) Standard Shopping,7511,Apple iPhone 16 Pro 5G (128GB) [Grade A],apple,0.99,4,552,0.0,0.0
Phonebot (B) Standard Shopping,8290,Samsung Galaxy Z Flip7 FE 5G (128GB) [Like New],samsung,0.99,2,203,0.0,0.0
SS - Excluded Products - >$100,6492,Pout Eyes3 Lift Height Adjustable Laptop Riser,pout,0.97,3,146,1.0,49.0
CJ - PMax (< $100 / Accessories) (PB),7645,Otterbox Symmetry Case for iPhone 15 Pro Max,otterbox,0.96,1,182,0.0,0.0
CJ - PMax (< $100 / Accessories) (PB),6493,Case-Mate Karat Marble Case with MagSafe for iPhone 14 Pro,case-mate,0.94,3,46,0.0,0.0
PMax - Covers - Excl.Products,8100,Otterbox Fre Case for iPhone 16 Pro Max,otterbox,0.94,3,44,1.0,59.0
Phonebot (B) Standard Shopping,7872,Samsung Galaxy S25 Ultra 5G (512GB) [Like New],samsung,0.94,2,25,0.0,0.0
CJ - PMax (< $100 / Accessories) (PB),6481,Kate Spade New York Protective Hardshell Case for iPhone 14,kate spade new york,0.92,4,73,0.0,0.0
Phonebot (B) Standard Shopping,6639,Samsung Galaxy S24 Ultra 5G (512GB) [Like New],samsung,0.92,3,62,0.0,0.0
CJ - PMax (Apple),2458,Apple iPhone 12 Pro Max 5G (256GB) [Like New],apple,0.9124,1,748,0.0,0.0
Phonebot (B) Standard Shopping,6014,Apple iPhone 15 5G (256GB) [Like New],apple,0.91,1,6,0.0,0.0
Phonebot (B) Standard Shopping,6015,Apple iPhone 15 Pro 5G (256GB) [Like New],apple,0.91,2,74,0.0,0.0
Phonebot (B) Standard Shopping,8469,Samsung Galaxy S25 FE 5G (256GB) [Like New],samsung,0.9,1,95,0.0,0.0
PMax - Covers - Excl.Products,7658,Samsung Galaxy S23 FE Smart View Wallet Cover,samsung,0.8968,2,133,0.0,0.0
CJ - PMax (< $100 / Accessories) (PB),4734,Speck Presidio Grip Case for iPhone 14 Pro,speck,0.89,3,71,0.0,0.0
CJ - PMax (< $100 / Accessories) (PB),6982,Samsung Galaxy S23 Plus Clear Gadget Case,samsung,0.87,1,22,0.0,0.0
CJ - PMax (< $100 / Accessories) (PB),7659,Samsung Galaxy S23 FE Silicone Case,samsung,0.86,4,44,1.0,29.0
PMax - Covers - Excl.Products,7497,UAG Monarch Kevlar Case for iPhone 15 Pro,urban armor gear - uag,0.84,3,69,0.0,0.0
CJ - PMax (< $100 / Accessories) (PB),2398,Samsung Galaxy S20 Plus Protective Standing Cover,samsung,0.83,1,19,0.0,0.0
CJ - PMax (Google),6848,Google Pixel 8 5G | DeGoogled Graphene OS Secure (128GB) [Grade A],google,0.83,1,289,0.0,0.0
CJ - PMax (< $100 / Accessories) (PB),7001,ZAGG Gear4 Crystal Palace Snap Clear Case for iPhone 14,zagg,0.77,2,30,0.0,0.0
Phonebot (B) Standard Shopping,4528,Apple iPad 9th Gen (256GB) Wifi Cellular [Grade A],apple,0.77,1,43,0.0,0.0
Phonebot (B) Standard Shopping,4677,Apple iPhone 14 Pro Max 5G (128GB) [Like New],apple,0.76,1,170,0.0,0.0
PMax - Covers - Excl.Products,7664,Apple iPhone 15 Plus Silicone Case with MagSafe,apple,0.75,2,160,0.0,0.0
CJ - PMax (< $100 / Accessories) (PB),5658,ZAGG Glass Fusion Screen Protector for Oppo Find X5,zagg,0.74,1,2,0.0,0.0
CJ - PMax (< $100 / Accessories) (PB),5688,Samsung Galaxy S21 Plus Kvadrat Cover,samsung,0.74,1,21,0.0,0.0
Phonebot (B) Standard Shopping,4083,﻿Samsung Galaxy S22 5G (256GB) [Grade A],samsung,0.73,1,9,0.0,0.0
CJ - PMax (Apple),1428,Apple iPhone 11 (64GB) [Grade A],apple,0.72,1,103,1.35,594.09
CJ - PMax (Apple),8619,Apple iPhone 17e 5G (256GB) [Brand New],apple,0.72,2,73,0.0,0.0
CJ - PMax (Apple) iPad,6360,Apple iPad Pro 11-inch 4th Gen M2 (128GB) Wifi Cellular [Grade A],apple,0.72,2,208,0.0,0.0
Phonebot (B) Standard Shopping,8306,Samsung Galaxy Watch 8 Classic 46mm Cellular [Like New],samsung,0.72,1,5,0.0,0.0
Phonebot (B) Standard Shopping,7844,Apple iPad Air 13-inch M2 Wifi Cellular (128GB) [Like New],apple,0.71,1,12,0.0,0.0
CJ - PMax (< $100 / Accessories) (PB),7608,ZAGG InvisibleShield Glass Elite Screen Protector for Samsung Galaxy S23 FE,zagg,0.69,1,30,0.0,0.0
CJ - PMax (Everything Else),8637,Vivo V40 5G (256GB) [Grade A],vivo,0.68,2,210,0.0,0.0
SS - All Products >$1000,8512,Google Pixel 9 Pro 5G | DeGoogled Graphene OS Secure (512GB) [Grade A],google,0.68,1,19,0.0,0.0
Phonebot (B) Standard Shopping,7207,Apple iPhone 16 5G (256GB) [Grade A],apple,0.67,2,184,0.0,0.0
CJ - PMax (Samsung),4214,Samsung Galaxy A53 5G Dual Sim (128GB) [Like New],samsung,0.6601,1,721,0.0,0.0
CJ - PMax (Samsung),8599,Samsung Galaxy A15 5G (128GB) [Grade A],samsung,0.6512,1,804,0.0,0.0
CJ - PMax (< $100 / Accessories) (PB),8384,Coach Protective Case for Samsung Galaxy S23 Plus,coach,0.65,1,13,0.0,0.0
CJ - PMax (< $100 / Accessories) (PB),838,SCOSCHE- REPLACEMENT BAND [Open Box],scosche,0.64,1,8,0.0,0.0
CJ - PMax (Google),6852,Google Pixel 8 Pro 5G | DeGoogled Graphene OS Secure (128GB) [Grade B],google,0.64,1,181,0.0,0.0
CJ - PMax (Samsung),7095,Samsung Galaxy Z Flip6 5G (256GB) [Grade A],samsung,0.61,2,184,0.0,0.0
Phonebot (B) Standard Shopping,8256,Samsung Galaxy Z Fold6 5G (512GB) [Grade B],samsung,0.61,1,255,0.0,0.0
CJ - PMax (Apple),1373,Apple iPhone X (256GB) [Grade B],apple,0.6,2,292,0.0,0.0
PMax - Covers - Excl.Products,5865,Coach Signature C Wallet Case for iPhone 14 Plus,coach,0.6,5,103,0.98,38.04
SS - All Products >$1000,8520,Google Pixel 9 Pro XL 5G | DeGoogled Graphene OS Secure (256GB) [Like New],google,0.6,1,95,0.0,0.0
CJ - PMax (< $100 / Accessories) (PB),6964,Samsung Galaxy A34 5G Smart View Wallet Cover,samsung,0.58,1,77,0.0,0.0
CJ - PMax (< $100 / Accessories) (PB),7604,ZAGG InvisibleShield Fusion D30 Samsung Galaxy S22 Plus,zagg,0.58,1,8,0.0,0.0
Phonebot (B) Standard Shopping,1201,Apple iPhone XS (64GB) [Grade A],apple,0.58,2,8,0.0,0.0
Phonebot (B) Standard Shopping,8427,Apple iPhone 17 5G (256GB) [Brand New],apple,0.58,4,237,0.0,0.0
Phonebot (B) Standard Shopping,8194,Apple iPhone 17 Pro Max 5G (256GB) [Brand New],apple,0.57,6,275,0.0,0.0
CJ - PMax (Apple),2061,Apple iPhone 11 Pro (256GB) [Grade A],apple,0.5638,1,901,0.0,0.0
CJ - PMax (< $100 / Accessories) (PB),3034,Pelican Ranger Case for iPhone 12 Pro Max,pelican,0.56,2,32,0.0,0.0
CJ - PMax (< $100 / Accessories) (PB),7526,Incipio AeroGrip MagSafe Case for iPhone 15 Pro,incipio,0.56,1,21,0.0,0.0
CJ - PMax (Google),8490,Google Pixel 9 5G | DeGoogled Graphene OS Secure (256GB) [Grade A],google,0.56,1,152,0.0,0.0
PMax - Covers - Excl.Products,7662,Samsung Galaxy SmartTag2 Silicone Case,samsung,0.55,1,141,0.0,0.0
PMax - Covers - Excl.Products,7675,Otterbox Symmetry Series Case for Samsung Galaxy S24 Plus,otterbox,0.55,2,58,0.0,0.0
CJ - PMax (< $100 / Accessories) (PB),6969,Samsung Galaxy S23 Clear Case,samsung,0.54,2,24,0.0,0.0
CJ - PMax (Apple) iPad,1055,Apple iPad Air (32GB) Wifi Cellular [Grade A],apple,0.53,1,36,0.0,0.0
SS - All Products >$1000,7134,Apple iPhone 16 Pro 5G (256GB) [Grade A],apple,0.53,1,413,0.0,0.0
CJ - PMax (< $100 / Accessories) (PB),6993,Samsung Galaxy S24 Plus Silicone Case,samsung,0.52,1,40,0.0,0.0
CJ - PMax (< $100 / Accessories) (PB),4439,Samsung Galaxy A72 Clear Standing Cover,samsung,0.51,1,18,0.0,0.0
PMax - Apple Watches,7006,Apple Watch Series 9 45mm GPS Cellular Aluminium Case [Grade B],apple,0.5,2,139,0.0,0.0
CJ - PMax (< $100 / Accessories) (PB),5354,Zagg Gear4 Rio Snap Case for iPhone 14 Pro,zagg,0.49,1,6,0.0,0.0
CJ - PMax (Apple),4808,Apple iPhone 14 Plus 5G (256GB) [Like New],apple,0.49,2,874,0.0,0.0
Phonebot (B) Standard Shopping,2177,Apple iPad Pro 11-inch 1st Gen (256GB) WiFi [Grade B],apple,0.49,1,41,0.0,0.0
CJ - PMax (Apple) iPad,3655,Apple iPad Air 4th Gen (64GB) Wifi Cellular [Grade B],apple,0.485,2,214,0.0,0.0
CJ - PMax (Apple),1452,Apple iPhone XS (256GB) [Like New],apple,0.48,1,88,0.0,0.0
SS - All Products >$1000,5911,Apple iPad Pro 12.9-inch 6th Gen M2 (128GB) Wifi [Like New],apple,0.48,2,214,0.0,0.0
CJ - PMax (< $100 / Accessories) (PB),2782,Samsung Galaxy S20 Ultra Protective Standing Cover,samsung,0.46,2,20,0.0,0.0
CJ - PMax (< $100 / Accessories) (PB),4125,85W USB-C Power Adapter,generic,0.44,1,70,0.0,0.0
CJ - PMax (< $100 / Accessories) (PB),6997,ZAGG InvisibleShield Glass XTR3 Tempered Glass Screen Protector for iPhone 15 Pro,zagg,0.44,2,84,0.5,17.5
Phonebot (B) Standard Shopping,5765,Samsung Galaxy A54 5G Dual Sim (128GB) [Grade A],samsung,0.44,1,83,0.0,0.0
Phonebot (B) Standard Shopping,6520,Samsung Galaxy S24 Plus 5G (256GB) [Grade A],samsung,0.43,4,216,0.82,466.1
CJ - PMax (< $100 / Accessories) (PB),4442,Samsung Galaxy A72 Smart S View Wallet Cover,samsung,0.42,1,22,0.0,0.0
CJ - PMax (< $100 / Accessories) (PB),7525,Incipio Duo MagSafe Case for iPhone 15 Pro,incipio,0.42,1,31,0.0,0.0
CJ - PMax (Google),6850,Google Pixel 8 5G | DeGoogled Graphene OS Secure (128GB) [Like New],google,0.41,1,191,0.0,0.0
PMax - Covers - Excl.Products,7603,ZAGG InvisibleShield Glass Elite Screen Protector for Samsung Galaxy S24 Plus,zagg,0.41,3,43,0.0,0.0
CJ - PMax (< $100 / Accessories) (PB),7243,Pelican Guardian Case with MagSafe for iPhone 15 Pro,pelican,0.4,1,78,0.0,0.0
CJ - PMax (Google),5914,Google Pixel 8 Pro 5G (512GB) [Like New],google,0.4,1,272,0.0,0.0
CJ - PMax (< $100 / Accessories) (PB),7616,ZAGG InvisibleShield Flex Curve Screen Protector for Samsung Galaxy S23 Plus,zagg,0.39,1,9,0.0,0.0
CJ - PMax (Google),8502,Google Pixel 9a 5G | DeGoogled Graphene OS Secure (128GB) [Like New],google,0.39,2,101,0.0,0.0
Phonebot (B) Standard Shopping,8617,Samsung Galaxy S25 Edge 5G (256GB) [Grade A],samsung,0.39,2,35,0.0,0.0
CJ - PMax (Google),8250,Google Pixel Buds Pro 2 [Brand New],google,0.38,1,9,0.0,0.0
CJ - PMax (< $100 / Accessories) (PB),5275,Coach Slim Wrap Case for iPhone 12 / 12 Pro,coach,0.37,3,92,1.0,29.0
CJ - PMax (Apple),3782,Apple iPhone 13 (256GB) [Like New],apple,0.37,1,94,0.0,0.0
CJ - PMax (< $100 / Accessories) (PB),2726,Speck Smartshell MacBook Pro 13-inch 2020/M1 2-Ports,speck,0.36,1,22,0.0,0.0
CJ - PMax (< $100 / Accessories) (PB),5924,UAG Scout Case for Samsung Galaxy Tab A7 with Hand Strap,urban armor gear - uag,0.35,1,13,0.0,0.0
CJ - PMax (< $100 / Accessories) (PB),6999,ZAGG InvisibleShield Glass Elite Screen Protector for iPhone 15 Pro Max,zagg,0.35,1,65,0.5,17.5
Phonebot (B) Standard Shopping,6142,Samsung Galaxy Z Fold5 5G (512GB) [Grade A],samsung,0.35,1,60,0.0,0.0
Phonebot (B) Standard Shopping,8460,Samsung Galaxy Tab S9 Ultra Wifi (256GB) [Grade A],samsung,0.35,2,33,0.0,0.0
CJ - PMax (< $100 / Accessories) (PB),1358,Huawei P30 Wallet Cover,huawei,0.34,1,11,0.0,0.0
CJ - PMax (< $100 / Accessories) (PB),2409,Samsung Galaxy S20 Plus LED Cover,samsung,0.34,1,43,0.0,0.0
CJ - PMax (< $100 / Accessories) (PB),5358,Samsung Galaxy Tab S8 | S7 Note View Cover,samsung,0.34,1,14,0.0,0.0
CJ - PMax (< $100 / Accessories) (PB),6131,LifeProof WAKE Case for Samsung Galaxy S22,lifeproof,0.34,1,40,0.0,0.0
CJ - PMax (< $100 / Accessories) (PB),6837,Baseus Enjoyment Pro 60W Retractable USB-C Car Charger,baseus,0.34,2,138,0.0,0.0
CJ - PMax (< $100 / Accessories) (PB),7615,ZAGG InvisibleShield Glass Elite Screen Protector iPad Pro 11 | iPad Air 10.5-inch,zagg,0.34,2,40,0.0,0.0
CJ - PMax (Everything Else),7752,C Idea CM8000 Plus Smart Tab 10-inch 5G (256GB) [Like New],c idea,0.3381,2,386,0.0,0.0
SS - All Products >$1000,5323,Apple iPhone 14 Pro Max 5G (1TB) [Grade A],apple,0.33,2,349,0.0,0.0
SS - All Products >$1000,8575,Google Pixel 10 Pro XL 5G | DeGoogled Graphene OS Secure (256GB) [Grade A],google,0.33,1,183,0.0,0.0
CJ - PMax (Apple),2457,Apple iPhone 12 Pro Max 5G (128GB) [Like New],apple,0.3268,1,99,0.0,0.0
CJ - PMax (Apple) iPad,2169,Apple iPad 8th Gen (128GB) WiFi Cellular [Grade A],apple,0.32,1,544,0.0,0.0
CJ - PMax (Samsung),5150,Samsung Galaxy S23 Ultra 5G (256GB) [Like New],samsung,0.32,1,358,0.0,0.0
CJ - PMax (Google),6855,Google Pixel 8a 5G | DeGoogled Graphene OS Secure (128GB) [Grade B],google,0.312,1,556,0.0,0.0
CJ - PMax (< $100 / Accessories) (PB),5325,OtterBox Symmetry Series Clear Case for Samsung Galaxy S21 Plus 5G,otterbox,0.3,1,49,0.0,0.0
CJ - PMax (< $100 / Accessories) (PB),5550,Samsung Rugged Protective Case for Samsung Galaxy S10e,samsung,0.28,1,40,0.0,0.0
CJ - PMax (< $100 / Accessories) (PB),6470,HyperDrive 5-in-1 USB-C Hub for iMac 24-inch,hyper,0.28,1,100,0.0,0.0
PMax - Covers - Excl.Products,6160,OtterBox Symmetry Plus Case for iPhone 14 Pro Max,otterbox,0.2702,1,66,0.0,0.0
CJ - PMax (< $100 / Accessories) (PB),8349,PanzerGlass Ultra Wide Screen Protector for iPad Pro 11-inch | iPad Air 10.9-inch,panzer,0.27,1,15,0.0,0.0
Phonebot (B) Standard Shopping,2628,Apple iPad Pro 9.7-inch (32GB) WiFi [Grade B],apple,0.27,1,4,0.0,0.0
Phonebot (B) Standard Shopping,2155,Apple iPhone 12 Pro 5G (128GB) [Like New],apple,0.26,2,112,0.0,0.0
Phonebot (B) Standard Shopping,4673,Apple iPhone 14 Pro 5G (256GB) [Grade A],apple,0.26,1,264,0.0,0.0
SS - All Products >$1000,8493,Google Pixel 9 Pro 5G | DeGoogled Graphene OS Secure (128GB) [Grade A],google,0.26,1,51,0.0,0.0
CJ - PMax (< $100 / Accessories) (PB),1353,Samsung Leather Cover for Samsung Galaxy S10 Plus,samsung,0.25,1,30,0.0,0.0
CJ - PMax (Google),6839,Google Pixel 7 5G | DeGoogled Graphene OS Secure (128GB) [Grade A],google,0.25,1,214,0.0,0.0
PMax - Covers - Excl.Products,7628,Otterbox Symmetry Series Case for Samsung Galaxy S23,otterbox,0.25,2,132,0.5,14.5
CJ - PMax (< $100 / Accessories) (PB),6414,Coach Slim Wrap Case with MagSafe for iPhone 14 Pro,coach,0.24,2,65,0.0,0.0
Phonebot (B) Standard Shopping,2151,Apple iPhone 12 5G (64GB) [Like New],apple,0.24,1,150,0.0,0.0
Phonebot (B) Standard Shopping,3942,Apple iPhone 13 Pro Max (1TB) [Like New],apple,0.24,1,7,0.0,0.0
CJ - PMax (Apple),4674,Apple iPhone 14 Pro 5G (128GB) [Like New],apple,0.2359,1,99,0.0,0.0
CJ - PMax (Google),6851,Google Pixel 8 Pro 5G | DeGoogled Graphene OS Secure (128GB) [Grade A],google,0.22,1,294,0.0,0.0
Phonebot (B) Standard Shopping,8618,Samsung Galaxy S25 Ultra 5G (1TB) [Grade A],samsung,0.22,1,11,0.0,0.0
CJ - PMax (< $100 / Accessories) (PB),1318,Samsung Leather Cover for Samsung Galaxy S10e,samsung,0.21,1,26,0.0,0.0
CJ - PMax (< $100 / Accessories) (PB),5670,Otterbox Symmetry Case for Samsung Galaxy S22 Plus,otterbox,0.21,1,66,0.0,0.0
CJ - PMax (< $100 / Accessories) (PB),6994,Samsung Galaxy S24 Plus Standing Grip Case,samsung,0.21,2,201,0.0,0.0
Phonebot (B) Standard Shopping,2146,Apple iPhone 12 5G (128GB) [Grade A],apple,0.21,1,197,0.0,0.0
CJ - PMax (Apple) iPad,2170,Apple iPad 8th Gen (128GB) WiFi Cellular [Grade B],apple,0.1955,1,361,0.0,0.0
CJ - PMax (< $100 / Accessories) (PB),2127,Tech21 Pure Clear Case For iPhone 11 Pro Max,tech21,0.19,1,26,0.0,0.0
PMax - Covers - Excl.Products,5832,Coach Signature C Slim Wrap Case for iPhone 14 Plus,coach,0.19,1,95,0.0,0.0
PMax - Covers - Excl.Products,7089,Apple iPhone 15 FineWoven Case with MagSafe,apple,0.19,2,180,0.0,0.0
Phonebot (B) Standard Shopping,3144,Apple iPhone 12 Pro Max 5G (256GB) [Grade A],apple,0.19,2,152,0.0,0.0
CJ - PMax (< $100 / Accessories) (PB),8323,Apple iPhone 14 Plus Clear Case with MagSafe,apple,0.18,1,59,0.0,0.0
PMax - Covers - Excl.Products,6231,Samsung Galaxy Z Flip 4 Silicone Cover with Ring,samsung,0.18,1,116,0.56,16.19
CJ - PMax (< $100 / Accessories) (PB),2640,Tech21 Studio Color Case For Samsung Galaxy A50,tech21,0.17,1,12,0.0,0.0
Phonebot (B) Standard Shopping,8559,Apple iPad Air 13-inch M2 Wifi (256GB) [Grade B],apple,0.17,1,32,0.0,0.0
CJ - PMax (< $100 / Accessories) (PB),5565,OPPO Find X5 Pro Flip Wallet Case,oppo,0.16,1,37,0.0,0.0
PMax - Covers - Excl.Products,7486,UAG Monarch Pro Case with MagSafe for iPhone 15 Pro,urban armor gear - uag,0.16,1,76,0.0,0.0
SS - All Products >$1000,6025,Apple iPhone 15 Pro Max 5G (256GB) [Like New],apple,0.16,1,23,0.0,0.0
CJ - PMax (< $100 / Accessories) (PB),8331,Cygnett OpticShield Glass Screen Protector for Galaxy Tab S8 Ultra | S9 Ultra,cygnett,0.14,1,25,0.0,0.0
Phonebot (B) Standard Shopping,5044,﻿Samsung Galaxy S22 5G (128GB) [Grade B],samsung,0.13,1,70,0.0,0.0
CJ - PMax (Apple),1974,Apple iPhone 11 Pro Max (64GB) [Grade A],apple,0.11,1,415,0.0,0.0
CJ - PMax (Samsung),4240,Samsung Galaxy S22 Plus 5G (256GB) [Grade A],samsung,0.11,1,139,0.0,0.0
Phonebot (B) Standard Shopping,4548,Apple iPhone SE 5G 3rd Gen (64GB) [Like New],apple,0.11,4,53,0.0,0.0
PMax - Covers - Excl.Products,7652,Samsung Galaxy Z Fold5 Slim S-Pen Cover,samsung,0.1093,0,128,0.0,0.0
CJ - PMax (< $100 / Accessories) (PB),7686,Samsung Galaxy S24 Plus Shield Case,samsung,0.1,1,52,0.0,0.0
CJ - PMax (Apple),5262,Apple iPhone 14 Pro Max 5G (512GB) [Grade A],apple,0.1,1,218,0.0,0.0
CJ - PMax (< $100 / Accessories) (PB),5647,Zagg Glass Elite Privacy Plus Protector for iPhone XR | 11 | 12 | 12 Pro,zagg,0.09,1,34,0.0,0.0
Phonebot (B) Standard Shopping,3612,Apple iPhone 13 5G (128GB) [Grade A],apple,0.08,2,171,1.0,457.0
CJ - PMax (Apple),2165,Apple iPhone 11 (256GB) [Grade B],apple,0.0765,0,554,0.0,0.0
CJ - PMax (< $100 / Accessories) (PB),7655,Samsung Galaxy Z Fold5 Clear Gadget Cover,samsung,0.07,1,15,0.5,14.5
Phonebot (B) Standard Shopping,5590,Apple iPhone 14 Pro 5G (128GB) [Grade B],apple,0.07,2,35,0.0,0.0
Phonebot (B) Standard Shopping,8078,Samsung Galaxy Z Fold6 5G (512GB) [Like New],samsung,0.07,1,55,0.0,0.0
CJ - PMax (Apple),1473,Apple iPhone XS Max (512GB) [Grade A],apple,0.0637,0,314,0.0,0.0
CJ - PMax (< $100 / Accessories) (PB),2974,PanzerGlass Screen Protector for Apple iPhone XS Max & 11 Pro Max,panzer,0.06,1,22,0.0,0.0
CJ - PMax (Apple),1201,,apple,0.057,0,21,0.0,0.0
CJ - PMax (Apple) iPad,1887,Apple iPad Air 3rd Gen (64GB) Wifi Cellular [Grade A],apple,0.0552,1,521,0.0,0.0
Phonebot (B) Standard Shopping,5766,Samsung Galaxy A54 5G Dual Sim (128GB) [Grade B],samsung,0.05,1,75,0.0,0.0
Phonebot (B) Standard Shopping,6452,Samsung Galaxy Tab A9 LTE (64GB) [Like New],samsung,0.05,1,2,0.0,0.0
Phonebot (B) Standard Shopping,8016,Samsung Galaxy Watch Ultra Cellular 47mm [Grade A],samsung,0.05,1,16,0.0,0.0
CJ - PMax (Apple),3880,Apple iPhone 13 Pro Max (512GB) [Like New],apple,0.0477,0,185,0.0,0.0
CJ - PMax (Samsung),4213,,samsung,0.0434,0,80,0.0,0.0
Phonebot (B) Standard Shopping,6708,Samsung Galaxy Tab S9 Ultra Wifi (512GB) [Grade A],samsung,0.04,2,30,0.0,0.0
Phonebot (B) Standard Shopping,7031,Samsung Galaxy A55 5G Dual Sim (128GB) [Grade A],samsung,0.04,1,74,0.0,0.0
Phonebot (B) Standard Shopping,3498,Apple iPhone 13 (128GB) [Like New],apple,0.03,1,241,0.0,0.0
CJ - PMax (Apple),3831,Apple iPhone 13 Pro 5G (512GB) [Grade A],apple,0.0251,0,386,0.0,0.0
CJ - PMax (Apple),1456,Apple iPhone XS Max (256GB) [Like New],apple,0.0219,0,401,0.0,0.0
Phonebot (B) Standard Shopping,4866,Apple iPad Pro 10.5-inch (256GB) WiFi [Like New],apple,0.02,2,1,1.0,289.0
CJ - PMax (Samsung),7423,,samsung,0.0182,0,54,0.0,0.0
CJ - PMax (Apple),2156,,apple,0.0121,0,15,0.0,0.0
Phonebot (B) Standard Shopping,1274,Apple iPad Mini 4 (128GB) WiFi Cellular [Grade A],apple,0.01,1,13,0.0,0.0
Phonebot (B) Standard Shopping,1425,Apple iPad Pro 10.5-inch (256GB) WiFi Cellular [Grade A],apple,0.01,1,25,0.0,0.0
Phonebot (B) Standard Shopping,2059,Apple iPhone 11 (256GB) [Grade A],apple,0.01,1,61,0.0,0.0
Phonebot (B) Standard Shopping,3605,Apple iPhone 13 (256GB) [Grade A],apple,0.01,1,33,0.0,0.0
Phonebot (B) Standard Shopping,3711,Apple iPhone 13 Mini (128GB) [Grade A],apple,0.01,1,265,0.0,0.0
Phonebot (B) Standard Shopping,4172,Apple iPad Air 4th Gen (64GB) WiFi [Grade B],apple,0.01,1,25,0.0,0.0
Phonebot (B) Standard Shopping,4204,Apple iPad Mini 6 (64GB) WiFi [Like New],apple,0.01,1,16,0.0,0.0
Phonebot (B) Standard Shopping,4224,Samsung Galaxy S22 Plus 5G (128GB) [Like New],samsung,0.01,1,71,0.0,0.0
Phonebot (B) Standard Shopping,4385,Apple iPad 9th Gen (64GB) Wifi [Like New],apple,0.01,1,2,0.0,0.0
Phonebot (B) Standard Shopping,4743,Apple iPad Air 5th Gen (64GB) Wifi Cellular [Grade A],apple,0.01,1,25,0.0,0.0
Phonebot (B) Standard Shopping,4872,Apple iPhone 14 Plus 5G (128GB) [Like New],apple,0.01,1,72,0.0,0.0
Phonebot (B) Standard Shopping,5763,Apple iPhone SE 5G 3rd Gen (256GB) [Grade A],apple,0.01,1,22,0.0,0.0
Phonebot (B) Standard Shopping,6395,Samsung Galaxy S24 Plus 5G (256GB) [Like New],samsung,0.01,1,48,0.0,0.0
Phonebot (B) Standard Shopping,7947,Samsung Galaxy S25 Ultra 5G (256GB) [Grade A],samsung,0.01,1,62,0.0,0.0
Phonebot (B) Standard Shopping,8381,Apple iPhone 16 Pro 5G (512GB) [Grade A],apple,0.01,1,61,0.0,0.0
Phonebot (B) Standard Shopping,8560,Apple iPhone 15 Pro 5G (512GB) [Grade B],apple,0.01,1,36,0.0,0.0
Phonebot (B) Standard Shopping,8583,Samsung Galaxy A36 5G (128GB) [Open Box],samsung,0.01,1,24,0.0,0.0
Phonebot (B) Standard Shopping,8592,Apple iPad Mini A17 Pro Chip (128GB) Wifi Cellular [Grade A],apple,0.01,1,31,0.0,0.0
Phonebot (B) Standard Shopping,8604,Apple iPhone Air (512GB) [Brand New],apple,0.01,1,26,0.0,0.0
SS - All Products >$1000,8518,Google Pixel 9 Pro XL 5G | DeGoogled Graphene OS Secure (256GB) [Grade A],google,0.01,1,278,0.0,0.0
CJ - PMax (Samsung),3943,Samsung Galaxy S21 FE 5G (128GB) [Like New],samsung,0.0086,0,17,0.0,0.0
CJ - PMax (Apple),5319,Apple iPhone 14 Pro 5G (512GB) [Grade A],apple,0.0057,0,122,0.0,0.0
CJ - PMax (Apple),2165,,apple,0.005,0,5,0.0,0.0
CJ - PMax (Apple),3890,,apple,0.0019,0,13,0.0,0.0
PMax - Covers - Excl.Products,6153,Apple iPhone 14 Plus Silicone Case with MagSafe,apple,0.0015,0,176,0.0,0.0
